username;work
@lewellenmichael;Software Dev, Startup Founder, Finance, Crypto, Product Manager, Education, Data, Ecommerce
@apwn;Web Dev
@jtompl;Web Dev, Software Dev, Startup Founder, Product Manager, Education, Politics, Creative, SaaS
@ndbroadbent;Software Dev, Startup Founder
@jaszczakw;Web Dev, Software Dev
@anigupta;Web Dev, Software Dev, Startup Founder, Product Manager
@adventureinmyveins;Web Dev, Startup Founder
@ayoungh;Startup Founder
@travelingpm;Startup Founder, Finance, Product Manager, Ecommerce
@fillipecordeiro;Web Dev, Software Dev, Mobile Dev, Startup Founder, Education, Blogging, Marketing
@voising;Web Dev, Software Dev
@brianavecchione;Data
@eugn23;Startup Founder
@marcusmeurer;Startup Founder
@rolf10;Startup Founder
@dotnet;Web Dev, Software Dev, Startup Founder
@austinmao;Startup Founder, Marketing
@dianabaz;UI/UX Design, Creative
@keegansard;Startup Founder, Crypto, Education, Politics, Sales
@guar47;Software Dev
@anistartup;Marketing
@jacobjay;Web Dev, Software Dev, UI/UX Design, Startup Founder, Creative, Community, Ecommerce, Geo, Architecture, Hospitality
@stevenzhang;Software Dev
@cristal_dyer;Journalism, Blogging
@nzieber;Startup Founder, Community
@maxicareercoach;Coach
@aaleksandar;Web Dev, Startup Founder, Product Manager, Journalism, Data, Community, Architecture
@jrdnbshp;Startup Founder
@djoneverett;Startup Founder
@baldtel;Education
@stevelacey;Web Dev, Software Dev, UI/UX Design, Startup Founder, Crypto, Data, SaaS, Geo
@zazk;UI/UX Design
@timvermeulen639;Startup Founder
@dgdev;Software Dev, Finance, Product Manager, Education, Politics, Blogging, Data, Fitness, Community, Sales, SaaS, Sports
@woahitsraj;Web Dev, Software Dev
@jayphen;Web Dev, Software Dev, UI/UX Design
@debbiec;Education, Creative, Journalism, Blogging, Marketing
@sauravarya;Startup Founder
@leon;Startup Founder
@moraveklukas;Web Dev, UI/UX Design, Startup Founder, Product Manager, Data, Marketing, Sales, Ecommerce, SaaS
@codam;Startup Founder
@davidfrahm;Startup Founder
@jnpkr;Web Dev, Marketing
@bobbyvenice;Startup Founder, Finance, Ecommerce, SaaS
@kevinflo;Web Dev, Software Dev
@alexis_ouellet;Software Dev
@rockyrohde;Education, Community
@olivierthms;Startup Founder, Marketing
@michaltakac;VR Dev, Crypto
@mattgelgota;Marketing, Ecommerce
@fmazzoli89;Product Manager
@cjackson27;Software Dev
@larry_oz;Startup Founder
@kytwb;Crypto
@krisdeleon;Startup Founder, Marketing
@mrraylo;UI/UX Design
@robncampbell;Startup Founder
@luwiton;Software Dev, Startup Founder, Crypto, Product Manager, Law, Blogging
@sailorcheon;Community
@bergerish;Startup Founder
@kaaist;Startup Founder, Education
@pieter;Startup Founder
@stijnbe;Software Dev
@jamescrowley;Web Dev, Software Dev, Startup Founder, Finance, Ecommerce, SaaS
@justinarenstein;Startup Founder, Journalism
@mattmonihan;Startup Founder
@iamfledge;Software Dev, Startup Founder, Finance
@elirang;Mobile Dev
@osandiux;Startup Founder
@marsty5;Startup Founder
@izzydoesizzy;Community
@serialblogamist;Blogging
@bilalbudhani;Web Dev, Software Dev, Mobile Dev, UI/UX Design, Startup Founder, Product Manager, Blogging, SaaS
@illyism;Web Dev, Software Dev, UI/UX Design, Startup Founder, Creative, Community, SaaS
@julianx;Web Dev, UI/UX Design, Startup Founder, Marketing
@ahmayou;Product Manager
@camassey;Community
@beeman;Web Dev, Software Dev, Mobile Dev, Startup Founder, Crypto, Education, Coach
@justeos;Web Dev, Mobile Dev
@liebergabor;UI/UX Design, Startup Founder
@dot_com;Startup Founder
@jblemee;Startup Founder
@con10to;Startup Founder
@juliendevoir;Marketing
@damiendutoit;Web Dev, UI/UX Design, Creative
@tripscout;Startup Founder
@jakubtomanik;Mobile Dev
@bzamecnik;Data
@timnieradzik;Startup Founder
@ninoskopac;Web Dev, Software Dev, Startup Founder, SaaS
@codino;Community
@alxsworld;Startup Founder
@lonnylot;Web Dev, Software Dev, Startup Founder, Crypto, Product Manager, SaaS
@satelliteeyes;Web Dev, UI/UX Design, Startup Founder, Creative
@brucem80;Architecture
@whosbacon;Startup Founder, Data
@colleran;Startup Founder
@davisonio;Software Dev, Finance, Crypto, Education, Fitness, Marketing, Ecommerce, SaaS
@greenwell;Mobile Dev
@dylanblanchard;UI/UX Design
@j0hnlucas;Startup Founder, Product Manager, Community
@modkaffes;UI/UX Design
@taavikalvi;Data
@johnreynolds;Software Dev
@jpelker;Marketing
@jonsunandco;Marketing
@elevy525;Startup Founder
@goshakkk;Software Dev
@msurocks99;Data
@nealbozeman;Software Dev, Startup Founder
@chmanie;Startup Founder
@quintinjadam;Web Dev, Software Dev, Ecommerce, SaaS
@nomadsalsero;Marketing
@derralle;Education
@clubturps;Startup Founder
@tpaktop;Software Dev
@joshpeck;Finance
@cbrwizard;Web Dev, Software Dev, Game Dev, Crypto, Creative, Blogging
@alexd;Startup Founder
@justinmurphy;Startup Founder, Blogging
@jevanspollard;Support
@mahmoud_zalt;Web Dev, Startup Founder
@sa_cha;UI/UX Design
@ashukumar27;Startup Founder, Data
@vandofb;Startup Founder
@arcaballero;Web Dev, Software Dev, UI/UX Design, Crypto, SaaS
@martinbourqui;Data
@johnbrett_;Web Dev, Software Dev, Startup Founder, Crypto, Fitness, Sports
@jelmerdeboer;Blogging
@johnconnelly;Software Dev, Finance
@gohomebase;Startup Founder, Community
@czyzykowski;Web Dev
@davidfchang;Startup Founder, Product Manager
@cs02lk1;Startup Founder
@xnutsive;Product Manager
@wojtek;Web Dev
@willemroman;Startup Founder
@wilco;Startup Founder, Marketing
@twymer;Software Dev
@terminalpixel;Software Dev
@stevenmdean;Startup Founder
@sten;Startup Founder
@spinx;Startup Founder
@sebastianj;Web Dev, Startup Founder, Marketing
@royce;Startup Founder
@rpish;Startup Founder, Creative, Blogging, Community, Marketing, SaaS, Logistics
@rossleedham;Data, Marketing
@ptisunov;Web Dev, Software Dev, Mobile Dev, Startup Founder, SaaS
@petersuhm;Web Dev
@philiprenich;Web Dev
@peachananr;Startup Founder
@pawel_nguyen;Startup Founder
@orsi;Product Manager, Community
@nicolasmlv;Startup Founder
@nateliason;Startup Founder, Marketing
@namtrok;Startup Founder
@mrsergejl;Software Dev
@msarlitt;Startup Founder, Marketing
@mrmading;Software Dev, Startup Founder
@mohittater;Startup Founder
@moltar;Startup Founder
@micha;Web Dev, Software Dev, Mobile Dev, UI/UX Design, Startup Founder, Creative, Data, Community
@mattdickinson;Startup Founder, Marketing
@havesomegante;Software Dev
@matekovacs;Mobile Dev
@marina_srksn;Startup Founder
@lohawk;Blogging
@leannebeesley;Startup Founder
@kevinohashi;Startup Founder
@kaurkirikall;Crypto
@kallemoen;Marketing
@kadrian;UI/UX Design
@julienhenzelin;Software Dev, Coach
@john;Software Dev, UI/UX Design, Startup Founder, Product Manager, Creative, Journalism, Blogging, Marketing
@jimwyuan;Startup Founder, Marketing
@jeffreytrull;Software Dev, Finance, Journalism, Blogging, Marketing
@jberthom;Startup Founder
@jb;Web Dev, Software Dev, Mobile Dev, UI/UX Design, Startup Founder, Crypto, Product Manager, Data, SaaS
@jarradhope;Startup Founder
@hellotiago;Web Dev, UI/UX Design, Fitness, SaaS
@gokonrad;Startup Founder
@francescogior;Web Dev, Startup Founder
@eddgysousa;Web Dev, Software Dev
@drewmeyers;Startup Founder, Finance
@dmftaras;Web Dev, Finance, Crypto, Product Manager, Ecommerce, SaaS, Support
@dgwolff;Web Dev
@diegoluisr;Startup Founder
@danny;Web Dev, Creative, Ecommerce
@cybergorille;Startup Founder
@codevipe;Data
@chrisrdodd;Web Dev, Creative, Blogging
@becomenomad;Startup Founder
@augustevrymonth;Startup Founder
@askeertmann;Web Dev, UI/UX Design
@matt_anis;Startup Founder
@andreaskeller;Web Dev
@amy;Blogging
@allancaeg;UI/UX Design
@alexandros;Web Dev, Data
@alexbrasetvik;Startup Founder
@alchorro;Startup Founder
@adrianchinghc;Web Dev, Software Dev, Mobile Dev, Startup Founder, SaaS
@adrianavecc;UI/UX Design, VR Dev, Creative
@mogosselin;Web Dev
@parasight;Web Dev
@calum;Startup Founder, Community
@paulrose;Web Dev, Software Dev, Mobile Dev, UI/UX Design, Startup Founder, Data, Community, Marketing, Ecommerce, SaaS, Support
@kaushal;UI/UX Design, Creative, Blogging
@kocsmy;UI/UX Design, Startup Founder
@jonnym1ller;Startup Founder, Education, Creative, Blogging, Coach, Marketing
@primoz;Web Dev
@thedesignnomad;UI/UX Design, Startup Founder
@brody;Startup Founder
@theunixbeard;Web Dev, Startup Founder, SaaS
@darren;UI/UX Design, Startup Founder
@johndbritton;Education
@magalhini;Web Dev
@jessehanley;Startup Founder, Marketing, Sales, Ecommerce
@thebluehouse_io;Startup Founder
@nickyborry;Community, Marketing
@joelgascoigne;Startup Founder
@damirkotoric;UI/UX Design
@x3nome;Web Dev, UI/UX Design, Startup Founder, Blogging
@isaak;Startup Founder, Community
@billey_b;Mobile Dev, Crypto
@gijsheerkens;Startup Founder, Crypto, Product Manager, Blogging, Data, Fitness, Marketing, Ecommerce, SaaS, Support
@karlbecker_com;Startup Founder
@mayel2b;Startup Founder
@mathijs;Web Dev, Software Dev
@10kjuan;Education, Coach
@pezmc;Web Dev, Startup Founder
@quinnzeda;Startup Founder
@ibobriakov;Startup Founder, Data
@rxs;Startup Founder, Marketing
@nomadbound;Startup Founder, Marketing
@hmigneron;Web Dev
@adrienjs;Startup Founder, Blogging
@stevenp;Mobile Dev
@eduardocruz;Startup Founder
@kangasjuha;Game Dev
@gawin;Web Dev, Software Dev, Mobile Dev, UI/UX Design, Startup Founder, Finance, Product Manager, Education, Creative, Coach, Data, Fitness, Community, Ecommerce, SaaS, Support, Geo, Sports, Architecture
@danielrelich;Startup Founder
@rizale;UI/UX Design, Startup Founder
@eduardoborges;Startup Founder, Finance, Product Manager, Education, Blogging, Coach, Data, Fitness, Community, Marketing, Sales, Ecommerce, Sports, Hospitality
@ferhatdegirmenc;Software Dev
@marcoschwartz;Startup Founder, Blogging
@gigigriffis;Blogging
@tylertringas;Startup Founder
@wfxyz;Web Dev, SaaS
@alphonse86;Web Dev
@lesly;Startup Founder
@tommoor;Startup Founder
@vladgsk;Data, Marketing, Sales
@josh_koch;Politics
@alexbegey;Startup Founder
@christianoliveira;Blogging, Marketing
@silveruby;UI/UX Design
@piazza_chris;Mobile Dev, Startup Founder
@matevaltr;Software Dev, Startup Founder
@chilladx;Software Dev, Startup Founder
@mrgusev;Web Dev
@mikerogers0;Web Dev, Software Dev, Startup Founder, Data, Community, SaaS, Geo
@mariasokolova;Creative, Blogging, Support
@lknix;Data
@kiasaki;Web Dev, Startup Founder
@alldreamedup;Blogging
@alemacgo;Crypto, Education
@anywhereness;Software Dev, Mobile Dev, UI/UX Design, Game Dev, VR Dev, Politics, Creative, Journalism, Fitness, Community, Geo, Logistics, Architecture
@trevorgerhardt;Web Dev, Software Dev, UI/UX Design, Geo, Logistics
@scottbrills;Web Dev, Startup Founder, Creative, Geo, Hospitality
@pixelfiesta;UI/UX Design, Startup Founder, Marketing
@billiamfrazier;Startup Founder
@florianfeibel;Data, Marketing
@travelingtoad;Finance, Creative, Marketing
@purplespatula;Education
@godfoca;Web Dev, Software Dev
@jorisrenaud;Startup Founder, Education
@tiojoca;Web Dev, Software Dev, Mobile Dev, UI/UX Design
@zackllnyoung;Startup Founder, Blogging, Coach, Marketing
@vgdub;Startup Founder
@jrcconstela;Startup Founder
@christianreyok;Software Dev
@gianlucaorlandi;Startup Founder
@rabourn;UI/UX Design
@espenmalling;Marketing
@dkhaburdzania;Startup Founder
@nic221;UI/UX Design
@andrewlt;Startup Founder, Crypto, Fitness, Sports
@kylefromohiocom;Web Dev
@nomadpauline;Fitness, Support
@seifsallam;Web Dev, UI/UX Design, Startup Founder
@timfernando;Software Dev, Startup Founder
@axlos;Software Dev
@rokeeffe;Web Dev
@dan335;Creative
@kumi;Creative, Blogging, Data
@christianpugliese;Software Dev
@flexrs;Web Dev, UI/UX Design, Startup Founder, Creative
@timhc22;Web Dev
@adrianartiles;Startup Founder
@willows_gate;Web Dev, UI/UX Design
@spillere;Web Dev, Software Dev, Startup Founder, SaaS
@steph_danforth;UI/UX Design, Creative, Ecommerce
@dylanofmoore;Mobile Dev, Startup Founder
@legomyeggo;Web Dev
@lopesrosanna;Startup Founder, Marketing
@petrnovak;UI/UX Design
@wanderingdev;Web Dev, Software Dev, Product Manager
@jpnarowski;Startup Founder
@travlindicator;Startup Founder, Data
@simone_scarduzio;Software Dev, Startup Founder, Finance, Data, Sales, Ecommerce, SaaS, Sports
@hpeikemo;Startup Founder
@haiko;Startup Founder
@tjwaldorf;Startup Founder
@omarmohameddev;Mobile Dev
@valfrancisco14;Software Dev
@adomasb;Startup Founder, Sales
@stefan;Software Dev
@amit29;Startup Founder
@nathanfulkerson;Mobile Dev
@drh;Software Dev
@marko;Startup Founder
@douglascorrea;Startup Founder
@dirtandrust;Web Dev, Marketing
@jackolai;Startup Founder
@elliotsachs;Startup Founder
@nickbrooks;Web Dev
@flaki;Community
@wernerhoffmann;Software Dev, Startup Founder
@jasonkd;Marketing
@nickpellant;Web Dev, Software Dev, Crypto
@petracca;Startup Founder
@cesartzian;Startup Founder, Community, Marketing
@jakegibson;Startup Founder
@markentreibstoff;Startup Founder, Fitness
@andrewlinfoot;Startup Founder
@madhukaraphatak;Data
@ieatsalot;Crypto
@rebeccacbowden;Startup Founder, Marketing
@bjornftw;Web Dev, Mobile Dev, UI/UX Design, Startup Founder, Finance, Creative, Support
@suni349;Software Dev
@mayahub_org;Startup Founder
@guifrombcn;Startup Founder, Marketing
@giotrotto;Marketing
@alexis_sindicic;Startup Founder, Marketing
@ckomagan;Startup Founder, Product Manager
@jamesldamico;Data, Marketing, Sales
@semichinalex;Startup Founder
@pros22su;Web Dev
@ejang;Startup Founder
@hussamelemmawi;Mobile Dev
@zhurbinchik;Web Dev
@arreechung;Startup Founder, Creative
@jeditweets;Software Dev
@reydisutandang;Startup Founder
@mikejcarton;Web Dev, Creative, Coach
@nico_lrx;Web Dev, Startup Founder, Marketing, SaaS
@c_hylland;Education
@scottwpalmer;Startup Founder
@davpires;Marketing
@zagomatteogian;Startup Founder
@edgarascom;UI/UX Design
@startupmanifest;Startup Founder, Support
@paykhan;Software Dev
@dragosnm;Mobile Dev
@nomadcitylpa;Startup Founder
@jogomartin;Startup Founder
@rledreau;Startup Founder
@luluisland;Startup Founder, Product Manager
@simplycrazyp;Community, Marketing
@panetes;Startup Founder
@chafullstack;Community, Marketing
@mejohnsonjr;Marketing
@activadesign;Support
@jonascoenen;Startup Founder
@far0s;Web Dev, UI/UX Design
@mikeric;Software Dev
@ronsuez;Web Dev
@stephsanderson;Startup Founder
@aileencgn;Web Dev
@pitah604;Startup Founder
@tonyschmidt;Web Dev, Software Dev
@cookiewhirls;Startup Founder, Education, Fitness, Marketing, Sales, Sports
@msimm_offenburg;Journalism, Blogging
@webdew;Startup Founder
@kinolina;Web Dev
@jeroldday;Software Dev
@tim_gardner;Startup Founder
@_ryan_bartley_;Marketing
@danielletdesign;UI/UX Design, Education
@jlipovsky;Mobile Dev
@chroman;Mobile Dev
@hazelyuyang;UI/UX Design
@tom_dallimore;Startup Founder
@perzegov;Marketing
@dij_plz;Game Dev
@mdnmadan;Software Dev
@themadarch;UI/UX Design
@bodaandroid;Software Dev
@mindofsari;Startup Founder, Marketing
@yliasm;UI/UX Design, Startup Founder, Marketing
@sup;Web Dev, Crypto, Creative, Blogging, Marketing
@thesmmile;Marketing
@ddpelayo;Startup Founder
@michellemaltbia;Web Dev
@blombergvictor;Web Dev, UI/UX Design, Startup Founder
@wilczynski_a;Mobile Dev
@eulerianial;Startup Founder
@johnny5feels;Startup Founder
@timchardme;Marketing
@connor_baer;Web Dev
@flowdee;Web Dev, Software Dev, Mobile Dev, Startup Founder, Finance, Product Manager, Blogging, Fitness, Marketing, Ecommerce, SaaS, Sports
@nomadc_anna;Mobile Dev, Startup Founder
@tibzback;Community, Marketing
@andykassier;Software Dev, Startup Founder, Crypto, Creative, Marketing, Ecommerce
@ladyleet;Startup Founder
@dnlhtz;Startup Founder
@sdrth_;Startup Founder, Marketing
@creativewang;VR Dev
@mtjdotcom;Data
@stephanie_dxb;Game Dev, Startup Founder
@davidmurray;Startup Founder, Finance, Creative, Law
@tribespeople;Startup Founder, Community
@heyellecp;Startup Founder
@ctsygiel;Startup Founder
@magnuspaaske;Software Dev, Startup Founder
@halles;Software Dev, Startup Founder
@klein_stephane;Web Dev, Software Dev
@netbe;Mobile Dev
@matejsimek;Web Dev, Startup Founder, Education
@nspehler;Startup Founder
@adamnowek;Politics, Journalism, Blogging, Sports, Architecture
@petiepizarro;Crypto
@zpeirce;Startup Founder
@sodevious;Web Dev, UI/UX Design, Blogging
@ptrpavlik;Mobile Dev
@weals;Web Dev
@tla;Data, Marketing
@jamesd;Web Dev
@aj_bombach;Software Dev
@craigcarlyle;Web Dev, Software Dev
@kengeo;Startup Founder
@executivejoy;Startup Founder
@chris_fong;Startup Founder, Marketing
@ignacio_elola;Data
@piscolomo;Software Dev
@kzaaaam;Product Manager
@jasonhatesjazz;Software Dev, Product Manager
@pixelcrash;Software Dev
@jantlustak;Startup Founder
@mqt;Web Dev, Software Dev, Mobile Dev, Crypto
@joncottonuk;Software Dev
@askleighstjohn;Coach
@c4augustus;VR Dev
@letalumil;Web Dev, Software Dev, Mobile Dev, Fitness
@janthony;Web Dev, Software Dev
@lizzie;Marketing
@blured2000;Software Dev
@kks;Marketing
@carlien;Startup Founder
@thomaspichon;Startup Founder
@adusordet;Startup Founder
@hattorious;Software Dev, Data
@viniciusteles;Startup Founder
@sindicate6;Law
@yrezgui;Support
@andrewoons;Startup Founder
@erikbenjamin;Startup Founder, Crypto, Blogging, Marketing, Sales, Support
@magicvilleco;Startup Founder
@jrp90;Web Dev
@antoinersx;Startup Founder
@tjwilliams;Startup Founder
@jeremyluebke;Startup Founder
@chicoxyzzy;Web Dev, Software Dev, Community
@lonroth;Startup Founder
@talbrown;Product Manager, Sales
@aboundlessworld;Crypto
@sharvit;Web Dev, Software Dev, Mobile Dev
@carolinesyrup;Web Dev, Education, SaaS, Logistics
@jennie_armsy;Startup Founder
@sushmit;Data
@slkra;Startup Founder
@carterlized;Politics
@unicycle;Web Dev, Software Dev, Mobile Dev, Crypto
@eric_nation;Web Dev
@kblanqua;Startup Founder, Journalism, Blogging, Data, Marketing, Sales
@wildmolasses;Community
@jeanetwolf;Startup Founder, Blogging
@freddychanut;Marketing
@maila;Software Dev, Mobile Dev, UI/UX Design
@jessicaguzik;Community
@colinw;Web Dev
@nat;Web Dev, Software Dev
@jonnaro;Data, Fitness, Marketing, Architecture
@marcussandstrom;Startup Founder
@avinasha;Software Dev
@chelocoach;Coach
@vancityj;Product Manager, Marketing
@adamgorog;Blogging
@tgrassin;Startup Founder
@emeliefagel;Startup Founder, Creative, Journalism, Community
@norbertdragan;UI/UX Design, Crypto
@markpcolgan;Startup Founder, Marketing
@katelevy;Software Dev, Startup Founder
@tamtamchik;Web Dev, Software Dev
@langtonsp;Startup Founder
@accentadventure;Startup Founder
@acsaari;Startup Founder, Marketing
@michaelmesserli;Web Dev
@jamesdaly90;UI/UX Design, Startup Founder, Creative, Ecommerce
@mrfairweather;Startup Founder
@robinduckett;Game Dev
@skewed_corp;Software Dev
@b1nary;Crypto
@speedynomads;Startup Founder
@c_c;Creative
@mary_oleksiuk;Web Dev
@tmaximini;Web Dev, Software Dev
@sarahktrapp;Community, Marketing
@balindsieber;Software Dev
@myangster;Startup Founder
@cpitkin;Software Dev
@angeliquetoque;Startup Founder, Marketing
@mathieu_mcfly;Startup Founder
@piovella;UI/UX Design, Creative
@lucyfchen;Product Manager
@ryanchatterton;Startup Founder, Creative, Blogging, Marketing, SaaS
@louhew;Product Manager
@petr_suska;Startup Founder
@aaz;Web Dev, Software Dev, Startup Founder, Blogging, SaaS
@luannalita;Startup Founder, Creative
@steve_verm;Software Dev, Game Dev, Startup Founder
@artistdevida;Creative
@thefriendlydev;Web Dev, Startup Founder
@chong;Startup Founder
@patrickklima;Marketing
@radesmond;Startup Founder
@alicemeow;Support
@macwrites;Creative, Marketing
@joshua;Startup Founder
@paulohp;Web Dev, Software Dev, Mobile Dev, Blogging, Community
@gphillips_nz;Web Dev, Software Dev, Startup Founder
@samueldelesque;Startup Founder
@abstaa;Politics
@cciarm;Software Dev
@amyyli;Web Dev, Software Dev
@shalu610;Startup Founder
@edu;Web Dev, Software Dev
@gradosevic;Software Dev
@jshlii;Startup Founder, Marketing
@smothers;Software Dev, Startup Founder
@gowiem;Startup Founder
@mikerubini;Startup Founder
@kellymsheridan;Journalism, Blogging, Fitness, Community, Sports
@joelrunyon;Startup Founder
@goodforenergy;Software Dev
@ebconspicuous;Blogging
@arivocals;Mobile Dev
@gilesbutler;Startup Founder
@lexrodba;Web Dev, Software Dev, Startup Founder, Politics, Blogging, Community, Marketing, Sales, SaaS
@jamessmith;UI/UX Design
@austinknight;UI/UX Design
@dboudro;Data
@kode4fun;Web Dev, UI/UX Design, Game Dev
@amritsharma;Startup Founder, Journalism, Data
@janvt;Software Dev, Game Dev, Startup Founder, Creative, Sports
@asadphotography;Startup Founder
@mariec1234;Startup Founder, Product Manager
@ivascucristian;Web Dev, Software Dev, SaaS
@coliving;Startup Founder
@louic;Marketing
@igroca;Startup Founder, Community
@yaredakalou;Startup Founder
@aymorgan;Startup Founder
@fastmode;Web Dev
@sebastienbarbier;Web Dev, Crypto
@sportphys;Blogging
@meedamian;Software Dev, Crypto, Education
@matterandrew;Startup Founder, Creative, Marketing
@jonathanronzio;Startup Founder
@kmurph;Web Dev, Software Dev
@daliso;Software Dev, Mobile Dev, VR Dev
@kko;Startup Founder, Crypto
@sumone5;Startup Founder
@jmaskell;Startup Founder, Product Manager
@darceybeau;UI/UX Design, Startup Founder, Finance, Medical, Creative
@nathanjmurphy;Startup Founder, Marketing, SaaS
@glaudemans;Law
@derekozzy;Web Dev, Creative
@kit;Software Dev
@petersanchez;Software Dev
@wedistill;Startup Founder
@halfcube;Web Dev, Software Dev
@danleslie;Journalism, Data
@susannedevlin;Web Dev, Software Dev, Mobile Dev, UI/UX Design
@juanpablob;Web Dev, UI/UX Design, Startup Founder, SaaS
@wimgz;Web Dev, Finance, Marketing
@martn_st;Software Dev, Mobile Dev, Startup Founder
@keeg;Startup Founder
@alexheartjs;Education
@jamesfgibbons;Marketing
@madeddie;Software Dev, Crypto, SaaS
@scottmize;Startup Founder
@shiori_nakajima;Web Dev, Creative
@cryotodin;Crypto
@camerondare;Startup Founder
@cameronbrown;Startup Founder, Coach
@rallen_austin;Startup Founder
@paulantwilliams;Startup Founder, Education
@jeannabarrett;Startup Founder
@sinisan86;Software Dev
@themuli;Startup Founder
@7farah7;Mobile Dev
@hiwillfang;Web Dev, Blogging
@olibarsha;Startup Founder
@nikoloza;UI/UX Design
@magoz;Web Dev, Software Dev, UI/UX Design, Startup Founder, Creative, Blogging
@brianwreaves;UI/UX Design
@moksapath;Support
@funmioyatogun;Startup Founder, Geo
@exmonkey;Startup Founder
@samdotvg;Mobile Dev, Game Dev
@cfein07;Product Manager
@keithkunz2;Mobile Dev
@joshromanrogers;Web Dev, UI/UX Design
@1ikigai;Game Dev, Startup Founder, Creative, Marketing, Sales
@heyhannahbailey;UI/UX Design, Creative, Marketing, Ecommerce
@thinkthinkthink;Web Dev, Software Dev, Mobile Dev, UI/UX Design, Startup Founder, Community, Marketing, Sales, SaaS, Architecture
@kevingraham;Web Dev, Startup Founder, Blogging, SaaS
@jwblackwell;Web Dev, UI/UX Design, Startup Founder, Data, SaaS
@zachtrice;Web Dev, UI/UX Design, Finance, Education, Geo
@vaerk;Software Dev
@irosenb;Startup Founder
@duncan_m;Web Dev, UI/UX Design, Startup Founder, Fitness, Marketing, Sales, SaaS
@schlessera;Web Dev
@leegordo;UI/UX Design
@jackveiga;Web Dev, UI/UX Design, Startup Founder, Finance, SaaS
@harsh;Marketing
@startupadvisor;Startup Founder, Marketing
@lorean;Web Dev, Software Dev, Mobile Dev, Startup Founder, SaaS
@miquelrph;Creative, Marketing
@ymeiosis;Web Dev, Software Dev, Mobile Dev, UI/UX Design, Startup Founder, Finance, Crypto, Law, Data
@arthurprinsen;Data, Marketing
@ndrewcowley;Web Dev, Software Dev, UI/UX Design, Startup Founder, Education, Creative, Ecommerce, SaaS, Sports, Architecture
@tristintravels;Game Dev, Product Manager, Creative, Data, Community
@victoria;Web Dev, Creative, Blogging, Fitness, Architecture
@napadeu;Creative
@petedoyle;Software Dev, Mobile Dev, Crypto, Community, Geo
@jon_perl;Software Dev
@ryanbed;Web Dev, Software Dev, UI/UX Design, Startup Founder, Product Manager, Data, SaaS, Support, Sports
@austenallred;Education
@jfkerr;Startup Founder
@jeremykovac;UI/UX Design, Product Manager
@vzablocky;Finance, Crypto, Marketing, Sales
@kyshoc;Web Dev, Software Dev, SaaS
@camwiese;Marketing
@klemen;Mobile Dev
@ruebenramirez;Web Dev, Software Dev, Data, Ecommerce
@atxile;Software Dev, Geo
@lokiilow;Web Dev, Software Dev, Crypto
@k_croes;Software Dev, Startup Founder, Data
@sdnorton;Politics, Creative, Journalism, Blogging, Coach
@ecreipsmith;Creative, Journalism, Blogging, Marketing, SaaS
@michaeljunio;Web Dev, Software Dev
@vipulnsward;Web Dev, Software Dev, Mobile Dev, Startup Founder, Blogging, Ecommerce, Logistics
@alantrumeau;Crypto
@amscott56;Web Dev, Software Dev, Startup Founder, Crypto, Ecommerce, SaaS
@startupwithmike;UI/UX Design, Startup Founder, Product Manager, Blogging, Marketing, SaaS
@loganhoup;Web Dev, UI/UX Design
@brianclark55;Web Dev, Startup Founder, Coach, Community, Logistics
@me1792;UI/UX Design, Startup Founder, Finance, Crypto, Product Manager, Creative, Journalism, Data, Sports
@ahulton;Education
@niklaslavrell;Web Dev, Software Dev, Product Manager
@bugfixer1;Web Dev, Software Dev, Mobile Dev
@joeykrug;Crypto
@grahamdbrown;Startup Founder
@venuatu;Data
@anthonycastrio;Web Dev, Software Dev, Startup Founder, Crypto, Product Manager, Medical, Sales
@nerdontour;Web Dev, Game Dev, Startup Founder, Creative, Blogging, Geo
@langrisha;Web Dev, Software Dev
@alewis2005;Web Dev, Software Dev
@louis;Web Dev, Software Dev, Mobile Dev, UI/UX Design, Startup Founder, Creative, SaaS, Architecture
@dashon;Creative
@kathlanpher;Journalism
@peterlevitan;Startup Founder, Marketing
@faizalabbas;Web Dev, UI/UX Design, Finance, Data, Marketing
@nickmarkham;UI/UX Design, Startup Founder, Crypto, Product Manager, Coach, Data, Marketing, Sales, Ecommerce, Logistics
@scottashmead;Architecture
@greeenbox;Web Dev, Software Dev, Product Manager
@anissm;Startup Founder
@shastified;Data, Support
@zakerving;Web Dev, Software Dev, Mobile Dev, UI/UX Design, Crypto, Creative
@nicolastupecabet;Web Dev, Software Dev, UI/UX Design, Startup Founder, Creative, Blogging, Coach, Data
@sxswabraham;Startup Founder, Data
@momciloo;Web Dev, Software Dev, Startup Founder, Creative, Ecommerce
@thomas;Web Dev, Software Dev, Startup Founder
@travpreneur;Startup Founder, Crypto, Marketing
@fffabs;Startup Founder, Blogging
@ric2z;Software Dev
@clouvi;Startup Founder, Marketing
@harryneelam;Software Dev
@deniskabakov;Startup Founder, Marketing
@jzs;Web Dev, Software Dev, Mobile Dev, Startup Founder, SaaS
@maratryndin;Startup Founder
@hugh;Startup Founder
@dohertyjf;Web Dev, Startup Founder, Blogging, Coach, Data, Marketing, Sales, SaaS
@maychenc;Marketing
@eli_archgirl;Web Dev, UI/UX Design, Education, Creative, Data, Community, SaaS
@mvremmerden;UI/UX Design, Creative, Fitness, Sports
@haoxilu;Web Dev, Software Dev
@una;Community
@junderstorm;Sales
@jacklorusso;Web Dev, Software Dev, UI/UX Design, Creative, SaaS
@valearmenise;Software Dev
@jamesmkenny;Web Dev, Software Dev, Mobile Dev, UI/UX Design, Startup Founder, Blogging, Data
@pberendt;Marketing
@thisiscarlosgomes;Software Dev, Startup Founder
@patrickheneise;Web Dev, Software Dev, Finance, Crypto, SaaS, Sports
@osandacooray;Data, Marketing
@arnebrasseur;Community
@matt781;Startup Founder
@thezennomad;Startup Founder, Marketing, Hospitality
@ludde;Marketing
@cessperience;Web Dev, Marketing, Sales, SaaS
@harinijanakiraman;Data
@nathaniellewis;Software Dev
@lewis161;Web Dev, UI/UX Design
@pandasantosh;Startup Founder
@me1559;Startup Founder
@zrueda;Startup Founder
@a7dc;UI/UX Design
@donbobvanbirt;Web Dev, Mobile Dev, Crypto
@mcmieras;UI/UX Design, Startup Founder
@jpbobbaers;Startup Founder, Marketing
@rcrocker13;Data
@hi960;UI/UX Design
@peter217;Data
@sammyschuckert;UI/UX Design
@petrbambasek;UI/UX Design, Product Manager, Creative, Data, Marketing, Sales, SaaS, Support
@lucaslsf;UI/UX Design, Creative
@ambarjanuel;UI/UX Design, Startup Founder, Finance, Crypto, Education, Politics, Creative, Journalism, Blogging, Community, Marketing, Geo, Sports
@jacob;Startup Founder
@mathieudutour;Web Dev, Software Dev, Startup Founder, SaaS
@derencius;Web Dev, Software Dev
@camwoodsum;Startup Founder
@hollyknowlman;Software Dev
@rusdaddy;Startup Founder
@anatoliykmetyuk;Web Dev, Software Dev, Startup Founder
@amrith;Community
@trevormeier;Creative
@maitrik;Software Dev, Data
@jpmitchell293;Web Dev, Software Dev
@reneevdb;VR Dev, Startup Founder
@deconstructsuck;Startup Founder, Product Manager
@sirkate;Web Dev, Data
@friedelio;Web Dev, Mobile Dev, Startup Founder, Finance, Marketing, Ecommerce
@pimdaelen;UI/UX Design
@marcantoinefon;Web Dev, UI/UX Design, Startup Founder, Product Manager, Creative, Architecture
@andrecastelo;Web Dev
@nekofar;Web Dev, Software Dev, Mobile Dev
@danielvlopes;Software Dev
@alex765;Web Dev, Mobile Dev, UI/UX Design, Startup Founder, Creative, Community, Sales, Ecommerce
@chuckwoodraska;Web Dev, Software Dev, Data
@sethrohan16;Sales
@dhruveonmars;Web Dev, Mobile Dev, Startup Founder, Creative
@krzysiekrodak;Mobile Dev
@farkasdan;Startup Founder
@andreajmitchell;UI/UX Design
@ankurshardais;Web Dev, Software Dev, Mobile Dev, UI/UX Design, Startup Founder, Data, Ecommerce
@me1526;Startup Founder
@vjvansantvoort;Community
@luizaugusto;Web Dev
@gosslingkevin;UI/UX Design
@stvbutlr;Product Manager
@pierregillesleymarie;Web Dev, Software Dev, Startup Founder, Blogging, Community
@themarioblog;Software Dev
@vincent;Web Dev, Mobile Dev, UI/UX Design, Startup Founder
@gridinoc;Web Dev, Journalism
@antoineplu;UI/UX Design, Creative, Sports
@schifter_;Startup Founder, Crypto
@maroberts913;Web Dev, Software Dev, Startup Founder, Product Manager, SaaS
@okokstefan_;Web Dev, Journalism, Data, Community, Marketing, Sales, Ecommerce
@georgesdenkey;Crypto
@sampiercelolla;Software Dev
@andrewwilliams;Mobile Dev
@divyenduz;Web Dev, Software Dev, Mobile Dev, UI/UX Design, Finance, Crypto, Product Manager, Education, Blogging, Fitness, Support, Sports
@iri_r;Web Dev, Mobile Dev, UI/UX Design, Startup Founder, Creative, Fitness
@raigol;UI/UX Design
@mattlellsworth;Startup Founder, Coach, Marketing
@tomaswoksepp;Web Dev, Software Dev, UI/UX Design, Startup Founder, Creative, Data, Marketing, Geo
@mosspaul;Web Dev, Software Dev, Product Manager
@nbejou;Software Dev
@ivankovacevic12;Startup Founder
@stephenfjohnson;Web Dev, Software Dev, Startup Founder, Politics, Creative, Data, Fitness, SaaS, Geo
@vestenicky;Web Dev, UI/UX Design, Startup Founder, Community, SaaS
@akhella;VR Dev, Startup Founder
@marcelhagedoorn;Startup Founder, SaaS
@martynd;Web Dev, Software Dev, Startup Founder, Product Manager, Data, Marketing
@jmegiralt;Web Dev, Software Dev, UI/UX Design, Creative, Community
@jamestommo;Software Dev
@mikezliu;Web Dev, Software Dev, Mobile Dev, UI/UX Design, Game Dev, Startup Founder, Finance, Ecommerce
@benkettlewell;Web Dev, Software Dev
@siddharthkshetrapal;Web Dev, Software Dev, UI/UX Design, Creative
@mgstapleton;Web Dev, Software Dev, Mobile Dev, Crypto, Product Manager, Education, Data, Community, SaaS, Architecture
@adrienbetweets;Web Dev, Startup Founder, Crypto, Journalism, Blogging, Data, Community, Ecommerce
@mauromassimiliano;Creative
@outcoldman;Software Dev
@ammmir;Web Dev, Software Dev, Startup Founder, Crypto, SaaS
@ryanclogg;Web Dev, Finance, Data, Marketing
@tiagoforte;Startup Founder, Education, Creative, Blogging, Coach, Data, Community, Marketing, Logistics
@pimvdnoll;Web Dev, Software Dev, Product Manager
@heftoy;Education, Journalism, Blogging
@pminardo;Software Dev, Mobile Dev, UI/UX Design, Game Dev, Startup Founder, Creative
@stephenbelanger;Web Dev, Software Dev, Data
@johannetzler;UI/UX Design, Creative, Fitness, Community, Sales, Ecommerce, Sports
@tuxcanfly;Software Dev, Startup Founder, Finance, Crypto
@aleks_muse;UI/UX Design, Product Manager, Creative, Blogging, Community, Marketing, SaaS, Architecture
@leukissanders;Web Dev, Crypto, Creative, Blogging, Fitness, Marketing, Ecommerce, Sports
@mattlewis92;Web Dev, Software Dev
@mahmoudswehli;Web Dev, Software Dev, Mobile Dev, Finance, Blogging
@francescocarlucci;Web Dev, Software Dev
@ahawkins;Web Dev, Software Dev, Startup Founder, SaaS
@n370;Web Dev, Software Dev, Mobile Dev, UI/UX Design, Product Manager, Creative, Blogging, Coach, Data, Community, Marketing, Sales, Ecommerce, SaaS, Support, Geo, Sports, Logistics
@ppnlo;Software Dev, Data
@remidurand;Software Dev, Medical, Data, Marketing, SaaS
@fernandonfeitosa;Mobile Dev
@s_kolk;Creative, Community
@billcotter;Education
@spinstreethouse;Startup Founder, Community
@domas;Startup Founder, Marketing
@1000lifelessons;Startup Founder, Coach
@masudrhossain;Startup Founder
@samlikescode;Software Dev
@jreverywhere;Law
@alexiatrini12;Crypto
@pauline;Web Dev, Education, Medical, Creative, Blogging, Fitness, Community, Marketing, Support, Geo, Hospitality
@swarner;Startup Founder
@irshaid;Startup Founder, Marketing
@ssstofff;UI/UX Design, Data
@sulaimani4ever;Education
@ronald;Web Dev, Software Dev, Startup Founder
@mfrezz;Startup Founder, Marketing, Ecommerce
@craig;Startup Founder
@togume;Startup Founder
@meijibowbow;Startup Founder
@fadeke;Startup Founder
@marc;Web Dev, Software Dev, UI/UX Design, Startup Founder, Creative, Fitness, SaaS
@mpme;Startup Founder
@wwoessi;Mobile Dev, Startup Founder
@ireade;Web Dev, Software Dev, UI/UX Design
@pugson;Web Dev, Software Dev, UI/UX Design, SaaS
@fpietot;Startup Founder
@njo;Startup Founder, Data
@bobz_zg;Web Dev, Crypto, Fitness, Sports
@stacey;Startup Founder
@bugtank;Crypto
@smfeng;Law
@vfonic;Web Dev, Software Dev, Mobile Dev, UI/UX Design, Crypto, Fitness, Ecommerce, SaaS
@jessed;Web Dev
@petermarpaung;Startup Founder
@laurentlebihan;Startup Founder
@hzambianco;Marketing
@matiasow;Startup Founder
@bianca_joswiak;Marketing
@ankitgoel;Software Dev
@azamatsmith;Startup Founder
@neosilky;Web Dev, Software Dev
@raoul;UI/UX Design, Creative
@dominikvacikar;Startup Founder
@franvera;Software Dev, Mobile Dev, Startup Founder, SaaS
@desmondo;Web Dev, Software Dev, Startup Founder
@sergiosa_la;UI/UX Design, Creative, Blogging, Fitness, Community, Marketing, Geo, Sports, Architecture
@meredal;Software Dev
@scdude;Startup Founder
@almccann;Startup Founder
@holamendi;Web Dev, Software Dev
@gregoirejohnb;Startup Founder
@oo_shero;VR Dev, Startup Founder
@danielmeade;Software Dev, UI/UX Design, Startup Founder
@gabriel__lewis;Startup Founder
@thetiwi;Startup Founder
@jpleboeuf;Startup Founder
@skatkov;Startup Founder
@mrtnzlml;Web Dev, Software Dev, Mobile Dev
@flowen;Web Dev, UI/UX Design, Creative
@ivankreimer;Startup Founder, Marketing
@refuseillusion;Web Dev, Crypto
@evamamartin;Data, Marketing
@dimqen;Startup Founder
@mlstotts;Marketing
@krompson;Blogging
@bruels;Startup Founder
@musolek;Startup Founder, Marketing
@haydenjameslee;VR Dev
@jonathanchester;Support
@nathanaelkhodl;Web Dev, UI/UX Design, Game Dev, Startup Founder, Crypto, Product Manager, Creative, Coach, Data, Community, SaaS, Sports
@andreaspizsa;Web Dev, Software Dev, Game Dev, Startup Founder, Product Manager
@thetwopct;Web Dev, Software Dev, Startup Founder, Crypto, Creative, Blogging, Fitness, Community, Marketing, Sales, Ecommerce, SaaS
@iamlasse;Startup Founder
@ptacekmi;Startup Founder
@emilwallner;Startup Founder, Education
@dr_dimaka;Software Dev
@richardsondx;Web Dev, Software Dev, Mobile Dev, UI/UX Design, Game Dev, Startup Founder, Crypto, Product Manager, Creative, Journalism, Blogging, Marketing, Hospitality
@mayeu;Web Dev, Software Dev, Startup Founder, Blogging, Coach, Community, SaaS
@derviskilic;Marketing
@marc_dsouza;Fitness
@levelsio;Software Dev, Startup Founder, Creative
@khanov;Startup Founder
@camrabier;Startup Founder, Product Manager, Marketing
@fredperrotta;Startup Founder
@tsunamipr;Marketing
@florianbuerger;Software Dev, Mobile Dev, UI/UX Design
@wakkos;Software Dev
@kristian;Web Dev, Software Dev, Creative, Community
@theblakemoore;Marketing
@dan_e_gray;Finance, Product Manager, Journalism, Blogging, Community, Marketing
@flyingscottie;Coach
@fredrivett;Web Dev, Startup Founder, Creative, SaaS
@einancunlu;UI/UX Design
@adieuadieu;Software Dev
@mikenorth;Software Dev, Startup Founder
@rebecca;Startup Founder
@fabsays;Startup Founder
@ashleyporciuncula;UI/UX Design, Creative
@milachervenkova;Blogging, Marketing
@hfauq;UI/UX Design, Product Manager, Marketing
@mrjeremyblaze;Web Dev, UI/UX Design, Startup Founder, Politics, Creative, SaaS
@pixel;Web Dev, Software Dev, Mobile Dev, UI/UX Design, Game Dev, Creative
@ky;Web Dev, Software Dev, Mobile Dev, Startup Founder, Product Manager
@grum;Creative, Community, Support
@abr_gnz;Startup Founder
@astridaml;Blogging
@localjo;Web Dev, Software Dev, UI/UX Design, Community
@madebysan;UI/UX Design, Startup Founder, Product Manager, SaaS
@zegreengeekette;Blogging
@mrkoio;UI/UX Design, Startup Founder, Crypto, Politics, Creative, Fitness, Community, Sales
@tomaslau;Startup Founder, Finance, Education, Creative, Blogging, Fitness, Marketing, Sales, Ecommerce, SaaS, Sports
@han108;Startup Founder, Creative
@saniyusuf;Web Dev, Software Dev, Mobile Dev, Startup Founder, Education, Blogging, Coach, Sports
@gcg;Software Dev, Mobile Dev, Startup Founder
@hamedbehravan;Software Dev, Journalism
@shoinwolfe;Startup Founder
@jeremy;Startup Founder, Data, Marketing, Ecommerce, Sports
@allbombs;Startup Founder, Marketing
@mxstbr;Software Dev
@theprivileges;Web Dev
@patrick;UI/UX Design, Crypto, Creative, Blogging, Community, Geo
@druh_opryshok;Marketing
@syneryder;Software Dev, Startup Founder, Creative, Ecommerce
@pr0fess0r;Software Dev
@mattb;Product Manager
@nderkach;Software Dev, Mobile Dev, Startup Founder
@zerocatch;Mobile Dev
@gtmcknight;Web Dev, UI/UX Design, Startup Founder, Product Manager, SaaS, Architecture
@presentday;UI/UX Design, Journalism
@karim;Startup Founder
@pierrickgt;Web Dev, Crypto
@jaschaio;Startup Founder
@jpmerritt;Software Dev
@radmirm_;UI/UX Design, Fitness
@rafmanship;UI/UX Design, Startup Founder
@sarbogast;Software Dev, Mobile Dev, Startup Founder
@victorfigol;Crypto
@wesleyhivesource;Startup Founder
@kaleiwhite;Marketing
@bernardette;Web Dev, Creative, Marketing
@paulgosnell;Web Dev, Software Dev, Startup Founder
@liv;Startup Founder, Data
@bryanjschaaf;Education, Medical, Politics, Journalism, Blogging, Community
@nicolekelner;Startup Founder
@karimii;Startup Founder, Education
@ktran03;Mobile Dev
@nikv;Web Dev, Startup Founder
@justan0therdave;Startup Founder
@egonz;Software Dev, Mobile Dev, Startup Founder, Product Manager
@liamdillon;Product Manager, Marketing
@tiagovdt;Startup Founder
@evolvinghumand;Support
@julietlab;Finance
@dennissiller;UI/UX Design, Education
@hsmoi;Startup Founder, Creative, Journalism, Blogging, Marketing, Sales, Architecture
@paulaborowska;Blogging
@theotherone;Web Dev, Software Dev, UI/UX Design, Data
@jyarnallschane;Startup Founder
@thecocoanomad;Startup Founder
@jumponweb;Data, Marketing
@briac;Startup Founder, Data, Marketing
@keithbaumwald;Marketing
@dannyholtschke;Startup Founder
@jordantheleast;UI/UX Design
@lisarobynkeown;Web Dev, Blogging
@carlescampos;Software Dev, Startup Founder, Data, SaaS
@heidar;Startup Founder
@riterrani;Software Dev
@dream;Web Dev, Creative
@amyeee;Software Dev
@philipithomas;Software Dev, Startup Founder, Data, SaaS
@marcochavezf;Startup Founder
@puhfister;Mobile Dev, Game Dev
@knocte;Software Dev, Mobile Dev, Crypto
@jaybuild100k;Marketing
@kristo;Startup Founder
@buizachristina;Startup Founder, Marketing
@bruno706;Web Dev, Startup Founder, Finance, Product Manager, Education, Creative, Journalism, Blogging, Coach, Marketing, Sales, Ecommerce
@jf;Startup Founder
@eimantas;Web Dev, Software Dev, Mobile Dev, UI/UX Design, Game Dev, Startup Founder, Product Manager, Politics
@jeromeargot;Web Dev, Startup Founder, SaaS
@lucozade;Finance
@sunilsinghme;Startup Founder, Marketing
@davidjuilfs;Web Dev, Startup Founder, Crypto, Creative, Law, Blogging, Ecommerce, SaaS
@thatuxdude;Startup Founder
@kymellis;Marketing
@derico;Startup Founder, Marketing
@shewandas;Startup Founder, Marketing
@tutuncumert;Software Dev
@ezakto;Web Dev
@bramp;Medical, Data, Marketing
@arpowers;Creative
@benjturner;Web Dev, Blogging, Marketing
@tomdeleu;Startup Founder
@ericayala;Marketing, Sales
@taticonqueso;Creative, Blogging, Ecommerce
@winby;Product Manager, Data, Fitness, Marketing, Ecommerce
@amwilkinson86;Mobile Dev, UI/UX Design, Creative, Blogging, Data, Community, Marketing, SaaS, Architecture
@reikudo;Web Dev, Software Dev, Mobile Dev, Fitness, Sports, Architecture
@alexey0gladyshev;Web Dev
@bovanalst;Education, Journalism, Blogging, Coach
@austingrandt;Web Dev, Software Dev, Blogging
@andrewjmyers;Software Dev, Startup Founder, Marketing
@vaclavstoupa;Startup Founder
@m322;Web Dev, Software Dev, Mobile Dev, UI/UX Design, Startup Founder, Finance, Data, Marketing, Sales, SaaS
@benrellick;Web Dev, UI/UX Design
@curlycolly;Education
@danfordgsy;Web Dev, Startup Founder
@redromina;Startup Founder
@aewickham;Startup Founder, Marketing
@brandoncnolte;Startup Founder
@jtcchan;Software Dev
@leanzubrezki;Software Dev
@nicolasbaissas;Startup Founder
@wordweaverfree;Startup Founder, Blogging
@chocking;Startup Founder
@tschoffelen;Startup Founder, Education
@gingerviking123;Marketing
@olgama;Creative, Community, Support, Hospitality
@luke5;Finance, Crypto, Creative, Journalism, Blogging, Coach, Data, Fitness, Community, Marketing, Sales
@andreaszoltan;Startup Founder
@douglascrets;Software Dev, Startup Founder, Marketing
@lukasfingerle;Web Dev
@katdville;Data, Marketing, Hospitality
@jevyjevjevs;Product Manager
@firsara;Web Dev, Creative, Community, SaaS
@mmusin;Software Dev, Crypto
@theappguy;Startup Founder
@sam_lee1985;Startup Founder
@spacewood;UI/UX Design, Creative
@pqvst;Data
@vladstan;Startup Founder
@erikbrits;Blogging
@diannamallen;Creative
@gijsdebeer;Startup Founder
@vedran;Web Dev
@arnoldbeekes;Education
@fdenkens;Startup Founder
@afkehaya;Startup Founder
@_therahulsingh;Startup Founder
@0xeff;Startup Founder
@babee;Creative
@bea;Education, Creative, Blogging
@lj60cpt;Startup Founder
@yonatanbiri;Product Manager
@timruof;UI/UX Design
@naii;Software Dev, Startup Founder
@zwasham;Finance, Creative, Data, Fitness, Marketing, Sales
@talbrai;Startup Founder
@cpruijsen;Software Dev, Startup Founder
@tijmensmit;Web Dev
@jessykate;Software Dev
@mv;Web Dev, Software Dev, Startup Founder, Crypto, Product Manager
@verekia;Web Dev
@mobilisinmobili;Politics, Creative, Journalism, Blogging, Community, SaaS, Support, Hospitality
@magician11;Web Dev
@ssr1368;Game Dev, Education, Creative
@tautologicaly;Software Dev, Marketing
@highhermitage;Mobile Dev, Startup Founder
@chris_moen1;Startup Founder
@samanthakmeis;Startup Founder
@tadeusz;Startup Founder, Education, Blogging, Community
@jdonati;Product Manager
@cyrilgupta;Web Dev, Software Dev, Startup Founder, Marketing, Sales, SaaS
@jeffmadduxcpa;Finance, Blogging, Community
@guitsaru;Web Dev, Software Dev
@tyvdh;Software Dev
@jivins11;Marketing
@revealed_dave;Web Dev, Software Dev, Mobile Dev, UI/UX Design, Product Manager, Blogging
@psedillo;Startup Founder
@eskimojamz;Crypto
@glenngillen;Startup Founder
@adrianlazarte;Web Dev
@rishabhagg2;Creative
@jasoninbend;Education, Data, Geo
@agarwal_ankur;Startup Founder
@hashinp;Web Dev, Coach
@zk;Software Dev
@colus001;Web Dev, Crypto
@maebert;Startup Founder, Data
@fredrick;Creative
@ricardomorgado;Startup Founder, Coach, Data, Support
@kp;Startup Founder
@elizabethtallen;Education, Politics, Law, Blogging
@courtney;Marketing
@rohit857;Startup Founder, Marketing
@scul81;Game Dev
@deemoun;Software Dev, Blogging
@antoinechr;Startup Founder, Creative, Marketing, Ecommerce
@inessadoud;Startup Founder, Blogging, Community, Marketing, Ecommerce
@lilyxl8;Software Dev, Mobile Dev, Product Manager, Data, Fitness
@misterniark;Startup Founder, Community
@judo;UI/UX Design
@viperchill;Startup Founder, Marketing
@ppccat;Marketing
@grohiit;Startup Founder
@enavarro3;Creative, Data, Marketing
@doddecahedron;Sales
@sean600;Startup Founder
@marceglon;Startup Founder
@atyndall;Software Dev
@tombuckland;Marketing
@subbedubbe;Creative
@harryguinness;Journalism, Blogging
@daiyaan;Startup Founder
@theycallmemtr;Finance, Crypto, Medical, Creative, Data, Marketing
@seanhess;Startup Founder, Data
@cbovis;Software Dev
@mrty;Startup Founder, Crypto, Creative, Marketing, Ecommerce
@nwkwan;Startup Founder, Marketing
@zachware;Startup Founder
@jd;UI/UX Design
@punksta;Mobile Dev
@hatchitdc;Startup Founder
@sabrinahanapiah;Web Dev
@myqntm;Web Dev, Education, Politics, Data
@philiphomnack;Startup Founder, Finance, Crypto
@martijn;UI/UX Design, Crypto, Product Manager, Creative, Coach, Fitness, Marketing, Ecommerce
@warrington11;Software Dev, Mobile Dev
@drnomadz;Medical
@georgelobo79;Software Dev
@ericste_in;Marketing
@deargumenter;Creative, Data, Marketing, Ecommerce
@oz;Web Dev
@thomas250;UI/UX Design, Startup Founder, Creative, Coach, Marketing, Sales, Ecommerce
@007pandas1;Blogging
@andygreenwood;UI/UX Design, Product Manager
@tonycarreon;Web Dev, Software Dev
@karel;Web Dev
@asjer;Software Dev
@chris_mcclellan;Software Dev
@gorenflo;Startup Founder
@joellepittman;Blogging
@oesah;Marketing
@jlengstorf;Marketing
@jmstein;Community
@carololiveira;Data, Sales, Ecommerce, Support
@bogdanch;Marketing
@kangaroo5383;Creative
@codeincarnate;Startup Founder
@stuartfrisby;Software Dev
@jessicaongko;UI/UX Design, Creative
@svanevik;Startup Founder, Crypto, Data
@yahli;Startup Founder, Coach
@harryworld;Software Dev, Blogging
@mihaela;Marketing, Ecommerce
@develdad;Web Dev, Software Dev, Creative, Blogging
@anthonyongaro;Software Dev, Blogging, Marketing
@chromatomatic;Marketing
@letitbevi;Software Dev, Data
@kushalraha;Support
@ajmcgrath;Creative, Coach, Marketing, SaaS, Support
@g4k;Startup Founder
@nomadicdad;Web Dev, Ecommerce, Support
@bengoa;Startup Founder
@flavia;Education, Coach
@whosdustin;Web Dev, UI/UX Design
@brendatremenda;Coach
@lionisis;Creative, Coach
@spieglio;Web Dev, Product Manager, Creative, Blogging, Coach, Marketing
@vrtual;Startup Founder
@diofeher;Startup Founder
@gracjan_grala;Web Dev, Software Dev, UI/UX Design
@therese624;Startup Founder, Education, Coach
@arcomul;Game Dev
@casper;Startup Founder
@andre;Marketing
@oliverbarnes;Software Dev
@andrea;Marketing
@silvestreramosmita;Finance, Sales, Support
@enilsen016;Web Dev, Software Dev, Startup Founder
@btong;Startup Founder
@barbaralicious;Crypto, Blogging
@jadeefruit;UI/UX Design, Ecommerce
@juice;Startup Founder
@jonbstrong;Startup Founder, Community, Marketing
@jaicab;Web Dev, UI/UX Design, Startup Founder, Product Manager
@dekim24;Finance, Data, SaaS
@tillcarlos;Startup Founder, Marketing
@misscherylb;Education, Community, Marketing, Ecommerce
@fakemikewalston;Web Dev, Software Dev, Mobile Dev
@realandrewwolfe;Startup Founder, Data
@tomas;Startup Founder
@carlaiau;Web Dev
@caroullou;Startup Founder, Creative
@nielsify;Mobile Dev
@mmorris;Education
@carly_io;Web Dev, Software Dev
@clareharrison30;Startup Founder, Education
@anhphan;SaaS, Support
@monsieurmoia;UI/UX Design
@bramwillemse;Web Dev
@petepollard;Software Dev, Education, Medical, Creative, Law, Blogging
@chris4gen;Education, Journalism, Coach, Fitness, Community, Sports
@hoperto;Software Dev, Startup Founder, Crypto
@fleeting_life;Startup Founder, Marketing
@loren;Creative, Journalism, Marketing
@mustafa_khalifa;Startup Founder
@fabrejulien;Startup Founder, Product Manager, Creative, Blogging, Coach, Sports
@jeremygotteland;Software Dev, Mobile Dev, Education, Data
@danicatalina;Marketing
@aaronbailey;Startup Founder, Crypto, Journalism, Blogging, Coach
@scottthoo;Mobile Dev
@dbibby;Software Dev, Blogging
@gtroppee;Web Dev
@shalin1589;Web Dev, Finance, Support
@horacio;Software Dev
@raziel81;Mobile Dev, UI/UX Design, VR Dev, Startup Founder, Product Manager, Sports
@james_thomas;Web Dev, Software Dev, Game Dev, Startup Founder, Marketing, Ecommerce
@vegaroundtheworld;Creative, Marketing
@joyfriberg;Web Dev, Software Dev, Mobile Dev, Startup Founder, Finance, Education, Community, Sports
@melb;Politics, Creative, Journalism, Blogging, Coach, Community, Marketing, Sales, Hospitality
@tomxavierofficiel;Startup Founder, Coach
@kapziel;Software Dev
@lblogueur;Software Dev, Ecommerce, SaaS, Sports
@benjaben;Software Dev, Mobile Dev, Game Dev, VR Dev, Education, Data, Fitness
@nanahj;Ecommerce
@smkka;Web Dev
@katrin;Startup Founder, Creative
@michaelhealy;Mobile Dev
@romanfirnkranz;Blogging
@pptsjr;Web Dev, Software Dev, Blogging, Fitness, Sports
@nerdtravels;Blogging
@cargix1;Software Dev
@mpollock;Product Manager, Creative, Data, Marketing
@climbformemory;Creative, Fitness, Logistics
@markschmidty;Support
@mrchrisrod;Startup Founder
@theminimillionaire;Journalism
@craigmiller;Software Dev, Mobile Dev, Geo
@ivanderbyl;Web Dev, Software Dev, UI/UX Design, Startup Founder, Finance, Crypto, Product Manager, SaaS, Architecture
@buzkall;Web Dev, Software Dev
@julianamundim;Creative
@chrisdunntv;Startup Founder
@phil_hawksworth;Fitness
@aktif;Startup Founder, Marketing
@k_cieslak;Software Dev, Community
@susanne;Software Dev, Mobile Dev, UI/UX Design
@sbarrosf;UI/UX Design, Creative, Marketing
@krausefx;Software Dev, Mobile Dev, Startup Founder, Crypto
@leerosen;Law, Blogging, Marketing
@johnnyfdk;Startup Founder
@ms_maire;Startup Founder
@nabilaamarsy;Startup Founder
@metamas;Web Dev, Software Dev, UI/UX Design
@html5cat;Software Dev, Mobile Dev, Startup Founder, Product Manager, Education, Community
@traveldeveloper;Web Dev, Software Dev, Mobile Dev, UI/UX Design, Startup Founder
@dawsonwhitfield;UI/UX Design
@andrefoeken;Web Dev, Software Dev, UI/UX Design, Medical, Creative, Coach
@mxgrn;Web Dev
@daviddupouy;Web Dev, Software Dev, Startup Founder, Crypto, Creative, Ecommerce, SaaS, Geo
@kubajz;Web Dev, Software Dev, Mobile Dev
@jdstuart;Software Dev, SaaS
@susannahvila;Startup Founder
@hackinglife7;Marketing
@williampotash;Startup Founder
@mightyalex;Web Dev, UI/UX Design, SaaS
@rafa;Web Dev
@saimana;Startup Founder
@marss;Marketing
@globe_trottah;Startup Founder, Blogging
@paulmanea;Startup Founder, Blogging
@janna;Journalism
@juliet;UI/UX Design
@guisbc;Startup Founder, Community
@youryoungko;Web Dev, Software Dev, Mobile Dev, UI/UX Design, Crypto, Education
@rik_rustenburg;Product Manager, Fitness, Community, Marketing, Sports, Hospitality
@reinis;Finance, Crypto, Product Manager, Politics, Coach, Ecommerce
@ibonazkoitia;Community
@andreadardon;Education
@etang20;Software Dev, Marketing
@mreynolds33;Mobile Dev, Startup Founder
@caseyr;Marketing
@tombalev;Startup Founder
@becfaye;Startup Founder, Education
@isaacprussey;Web Dev, Mobile Dev, Game Dev, Startup Founder
@xyborg;Blogging, Marketing
@cmr0n;Web Dev, Software Dev, Mobile Dev, Fitness, SaaS, Sports
@clebercosta;Startup Founder
@chazsroczynski;Web Dev, Software Dev, Data
@maxim_arnold;Web Dev, Startup Founder, Product Manager, SaaS
@dmfreedom;UI/UX Design, Product Manager, Journalism, Blogging, Data, Marketing, Ecommerce, Sports, Logistics
@eddross;Startup Founder
@andyzelinski;Software Dev, Startup Founder, Medical, Data, Fitness, Community, Ecommerce, Sports
@vivli;Web Dev, Software Dev, UI/UX Design, Startup Founder, Education
@johnsalzarulo;Software Dev
@jvmeier;Data
@rodolphe;Startup Founder
@hspec;Community
@theswiss;Startup Founder
@martinbcg;Startup Founder
@garethbjenkins;Blogging
@salman;Product Manager, Blogging
@kevintheair;Startup Founder, Finance, Crypto
@shadi;Mobile Dev, Startup Founder, Crypto
@livingstonm;Creative
@woontan;Community
@davidpeake;Marketing
@julienarcin;Startup Founder
@mikeislearning;Startup Founder
@gnzlt;Software Dev, Mobile Dev
@journeytech_ca;Mobile Dev, Startup Founder
@mrmoje;Software Dev
@polinakocheva;Startup Founder, Blogging
@abhi_mallik;Blogging
@facebook;Web Dev, Software Dev, Ecommerce, SaaS
@sturob;Crypto, Data
@so;Ecommerce
@lancelot;Startup Founder, Finance, Crypto, Sports
@camemco;Startup Founder
@winum;Marketing
@jazic;Product Manager
@mwotton;Data
@farahato;Marketing
@londonranking;Marketing
@gianberselli;Creative
@rodcul;Startup Founder, Product Manager, Coach
@meettherebels;Startup Founder, Marketing
@katelynmsmith;Startup Founder, Blogging
@tswallen;Web Dev, Software Dev, Mobile Dev, UI/UX Design, Startup Founder, Product Manager, Education, Creative, Marketing, Support
@luciddan;Web Dev, Software Dev, Mobile Dev, Product Manager
@ankeshkothari;Startup Founder
@serban;Startup Founder, Education
@kevinejohn;Startup Founder
@bryanbeshore;Startup Founder
@chrisgj;Community, Ecommerce
@christyre;Blogging
@nomadcook;Software Dev, UI/UX Design, Creative, Blogging
@elisha;Marketing
@daniellauding;Web Dev, Software Dev, UI/UX Design, Startup Founder, Finance, Creative, Data, Fitness, Community, Marketing, SaaS, Geo, Sports, Hospitality
@alexiscreuzot;Software Dev, Mobile Dev, UI/UX Design, Crypto, Data, Fitness, Sports
@josh_works;Software Dev
@mattia;Startup Founder, Creative, Journalism, Blogging, Fitness, Community, Marketing, Ecommerce
@abbygmcclain;Marketing
@rorymcdougall;Politics
@egarbugli;Startup Founder
@tomhunt88;Startup Founder
@orenkurve;UI/UX Design, Startup Founder, Product Manager
@twadlinger;Hospitality
@zibra;Creative
@katingalls;UI/UX Design
@jason147;Education, Community, Hospitality
@mbfestudio;Blogging
@miklern;Startup Founder
@go_ginger_go;Community, Marketing
@danny__garcia;Software Dev
@rrppspain;Startup Founder, Finance, Product Manager, Education, Creative, Blogging, Community, Marketing, Sales, Ecommerce
@anne_jin;Creative
@makersacademy;Web Dev
@seointhesun;Marketing
@malachivarga;Startup Founder
@kchau;Marketing
@thiagoricieri;Web Dev, Software Dev, Mobile Dev, Creative, Blogging, Community, SaaS, Sports
@marcberr;Web Dev, Software Dev, Mobile Dev, Game Dev, Startup Founder, Crypto, Product Manager, Marketing
@trustmedesigner;Support
@krishamoud;Web Dev, Software Dev, Mobile Dev, Game Dev, Fitness, Community
@jamiesyke;UI/UX Design, Startup Founder
@mfoozee;Web Dev
@schjonhaug;Mobile Dev
@allan;Journalism, Blogging
@klabuca;Journalism, Blogging, Marketing
@adrianocelentano;Mobile Dev
@androbwebb;Web Dev, Software Dev, Mobile Dev, Finance
@sadokx;UI/UX Design
@christensentr;Web Dev, Crypto, Fitness
@alanhalley;Software Dev, Mobile Dev
@britseeingstars;Software Dev, Community
@sinnot;Startup Founder
@hpoul;Web Dev, Software Dev, Mobile Dev, UI/UX Design, Fitness
@jackh;Startup Founder
@mrdanielschwarz;Startup Founder
@robschad;Coach, Fitness, Marketing, Ecommerce
@danielbeck82;Startup Founder
@spiceninja;Startup Founder
@erlend_sh;Community
@giorgenes;Software Dev, Data
@steph2l;Web Dev, Data, Fitness, Marketing, Ecommerce, SaaS, Sports
@scottroy01;Data, Marketing
@karthicashokan;Web Dev, Software Dev, Mobile Dev, UI/UX Design, Creative
@joshuapinter;Product Manager
@nachopescado;Web Dev, Software Dev, Startup Founder
@nomadwalkabout;Journalism
@heleneschmit;Coach
@cylim;Web Dev, Software Dev, Mobile Dev, Crypto
@klemenselakovic;UI/UX Design
@markorandelovic;Journalism
@raphaeld;Sales
@axelut;Startup Founder
@oliviasuguri;Creative
@paulgr3;Startup Founder
@sami_trki;Web Dev
@nesha8x8;Software Dev
@melissahui;UI/UX Design
@janfabisiak;Startup Founder, Finance, Education, Politics, Journalism, Coach, Geo, Sports
@bastienfp;Web Dev, Startup Founder, Finance, Product Manager, Data, Marketing, Sales, Ecommerce, SaaS, Logistics, Hospitality
@sunnykgupta;Startup Founder
@chrisjeon;Software Dev
@phil;Startup Founder, Hospitality
@hadarhazangmailcom;Medical, Community
@damianlaw_mossy;Software Dev
@ericvandenbroek;Startup Founder
@examachine;Startup Founder
@jeanmoncrieff;Startup Founder, Marketing
@jonathancoxon;Startup Founder, Finance
@alita;Education, Creative, Blogging, Geo, Architecture, Hospitality
@scrb;Web Dev, Software Dev, Crypto
@dinhhoaitram;Education, Creative, Blogging
@ryangum;Startup Founder, Marketing
@daanpruijssers;Web Dev, UI/UX Design, Startup Founder, Creative, Blogging, Fitness, Marketing, Sales, Ecommerce, SaaS, Sports
@eduardezeanu;Coach
@iramalama;Software Dev
@malika;Education
@vanvleit;Startup Founder
@jjperezaguinaga;Startup Founder
@jacobeus;Startup Founder, Fitness
@nateyu;Startup Founder, Crypto, Marketing, Ecommerce
@dany;Software Dev, Data
@cansinyildiz;Web Dev
@far_and_wide_with_joe;Blogging, Data, Marketing, Sales, Support, Hospitality
@blakebo;Software Dev
@flygeneticist;Web Dev, Startup Founder
@msfx;VR Dev
@carosimon;Web Dev, Software Dev, Education, Coach, SaaS
@ericvan;Marketing
@mayukojpn;Web Dev, Blogging, Community, Sales
@andrewculver;Startup Founder
@luciazw;Marketing
@shotsuda;Startup Founder, Crypto, Creative, Community
@info361;Blogging, Marketing
@chodane;Finance
@tschentscher;Web Dev, Startup Founder, Data
@bastienbricout;Finance, Crypto, Creative, Blogging, Coach, Marketing, Sales, Ecommerce
@kevmar08;Mobile Dev
@flexhuddle;Community
@cedric;Web Dev, UI/UX Design
@taylorletterman;Web Dev, Marketing
@shaneboug;Coach, Fitness, Sports
@jongjin;Web Dev, Startup Founder, Politics, Creative, Community, SaaS
@picsoung;Startup Founder
@naumank;Web Dev, Startup Founder, Creative, Journalism, Blogging, Marketing
@witzelfitz;Web Dev, UI/UX Design, Crypto, Education, Blogging, Community, Marketing
@binario;Software Dev
@alexmiddel;Startup Founder, Marketing
@arman;Startup Founder
@gregmanko;Startup Founder, Finance, Creative, Marketing
@msalissa_j;Coach
@slavochek;Startup Founder
@ivandequito;Startup Founder
@stevechadaway;Web Dev, Startup Founder
@joeyfenny;Web Dev, Software Dev, UI/UX Design, Startup Founder, Finance, Crypto, Product Manager, Creative, Data, Fitness, Community, Marketing, Sales, Ecommerce, SaaS, Geo, Sports, Logistics, Architecture
@benjihyam;Startup Founder
@cash61;Coach
@thekla;Creative
@gourlaoueneric;Software Dev
@yapjiaqing;Startup Founder
@bastianernst;Marketing
@aventure;Startup Founder, Product Manager
@manavo;Web Dev, Software Dev, SaaS
@julesmarie;Web Dev
@demin;Web Dev, Mobile Dev, Startup Founder, Sales, Ecommerce
@glennangelo;Software Dev, UI/UX Design, Creative
@dunjalazic;Coach, Marketing
@timbuktu;Startup Founder
@carloslerma;Web Dev
@hillary_br;Marketing
@jimit_shah;Web Dev
@jonbarrett1;Coach, Marketing
@zachetcetc;Startup Founder
@snehainguva;Software Dev
@bneiluj;Web Dev, Software Dev, Mobile Dev, UI/UX Design, Game Dev, VR Dev, Startup Founder, Finance, Crypto, Creative, Data, Geo, Sports
@markbrooks;Blogging, Community, Marketing, Sales
@angie;Startup Founder
@tronaxp;Web Dev, Software Dev, Ecommerce
@codingz;Web Dev, Software Dev, Mobile Dev, Startup Founder, Crypto
@w_b_a__r;Startup Founder
@phil474;Software Dev, Mobile Dev, Startup Founder
@amarshall664;Product Manager
@ondrejkubala;Marketing
@yuko;Creative, Blogging
@fotosdelviaje;Startup Founder
@bdeck;Sales, Ecommerce, Support, Logistics
@volodymyr_sadykov;UI/UX Design, Creative, Community
@n_richer;Startup Founder
@kershaw87;Startup Founder
@quasi;Web Dev
@kapimac;Marketing
@azizaosman;Startup Founder, Education
@capoma1;Product Manager, Community, Marketing, Ecommerce, Support
@andyafk;Web Dev, Software Dev, Mobile Dev, SaaS
@nz_djston;Web Dev, Software Dev
@gabrielizaias;Software Dev
@watson;Startup Founder
@marcoagner;Software Dev, Startup Founder
@tinagillitzer;Creative
@wooster;Web Dev, Software Dev, Startup Founder, SaaS
@jeffwilser;Crypto, Creative, Journalism
@mattmili;Startup Founder
@harishchouhan;Startup Founder
@dinaramay;Creative
@rus;Startup Founder, Crypto, Marketing, SaaS
@marcus;Data, Marketing
@jwlee84;Software Dev, Startup Founder, Education, Creative
@homakov;Startup Founder
@sandochee;Startup Founder
@islandjackie;Startup Founder, Journalism
@cameron;Mobile Dev
@uncompromise;Startup Founder
@dlc86;Hospitality
@motorcycledave;Startup Founder, Finance, Politics, Creative, Coach, Marketing, Sales, Ecommerce
@thomasghenry;Web Dev, Software Dev, Mobile Dev, Education, Creative, Community, Support, Hospitality
@jani;Startup Founder
@grahamleachpm;Startup Founder, Product Manager, Blogging
@jasmeet;UI/UX Design, Startup Founder, Education, Creative, Sales
@josh;Startup Founder
@manuk;Startup Founder, Marketing
@jwadeone;Software Dev, Startup Founder
@m_levs;Startup Founder
@robnealan;Startup Founder
@bratta;Web Dev
@soyjavi;Crypto
@tuhingates;Startup Founder, Sales, Ecommerce
@nitaigao;Startup Founder
@vimarethomas;Software Dev
@wandertooth;Blogging
@gracjanzlotucha;UI/UX Design
@psylvain324;Web Dev, Software Dev, Crypto, Creative, Blogging, Fitness, Sales, Support
@paulr;Startup Founder
@hannasoderq;UI/UX Design, Startup Founder, Creative, Blogging
@fayeishere;Startup Founder, Marketing
@elliottspira;Software Dev
@mattalxndr;Software Dev
@zed;Web Dev, Software Dev
@jakeberger;Web Dev
@nbolt;Web Dev, Startup Founder
@ianhunter;Startup Founder
@cw;Startup Founder
@kaizenpreneur;Startup Founder
@kimberleyanderson;Creative, Journalism, Marketing, Architecture
@josezambrana;Web Dev
@abbd7;Startup Founder
@abeppu;Data
@mr_chids;Software Dev, Startup Founder
@threchette;UI/UX Design
@skurilyak;Software Dev, Startup Founder, Fitness
@jrthrawny;Web Dev, Software Dev
@martinrvillalba;Software Dev
@kittytana;Startup Founder
@beomjae;Web Dev
@dahmadizadeh;Startup Founder, Fitness, SaaS, Sports
@michaelraiwet;Geo
@mehdibenaniba;Community
@cotfasvlad;Mobile Dev
@neoncouch;UI/UX Design, Product Manager, Creative, Community, Marketing, Ecommerce, Support
@jmspwtrs;Startup Founder, Creative
@jrearden;Ecommerce, Logistics
@aspkin;Marketing
