username;job_role
@jacobjay;Architecture
@aaleksandar;Architecture
@brucem80;Architecture
@gawin;Architecture
@anywhereness;Architecture
@adamnowek;Architecture
@jonnaro;Architecture
@thinkthinkthink;Architecture
@ndrewcowley;Architecture
@victoria;Architecture
@louis;Architecture
@scottashmead;Architecture
@marcantoinefon;Architecture
@mgstapleton;Architecture
@aleks_muse;Architecture
@sergiosa_la;Architecture
@gtmcknight;Architecture
@hsmoi;Architecture
@amwilkinson86;Architecture
@reikudo;Architecture
@ivanderbyl;Architecture
@alita;Architecture
@joeyfenny;Architecture
@kimberleyanderson;Architecture
@fillipecordeiro;Blogging
@cristal_dyer;Blogging
@dgdev;Blogging
@debbiec;Blogging
@luwiton;Blogging
@serialblogamist;Blogging
@bilalbudhani;Blogging
@cbrwizard;Blogging
@justinmurphy;Blogging
@jelmerdeboer;Blogging
@rpish;Blogging
@lohawk;Blogging
@john;Blogging
@jeffreytrull;Blogging
@chrisrdodd;Blogging
@amy;Blogging
@kaushal;Blogging
@jonnym1ller;Blogging
@x3nome;Blogging
@gijsheerkens;Blogging
@adrienjs;Blogging
@eduardoborges;Blogging
@marcoschwartz;Blogging
@gigigriffis;Blogging
@christianoliveira;Blogging
@mariasokolova;Blogging
@alldreamedup;Blogging
@zackllnyoung;Blogging
@kumi;Blogging
@msimm_offenburg;Blogging
@sup;Blogging
@flowdee;Blogging
@adamnowek;Blogging
@sodevious;Blogging
@erikbenjamin;Blogging
@kblanqua;Blogging
@jeanetwolf;Blogging
@adamgorog;Blogging
@ryanchatterton;Blogging
@aaz;Blogging
@paulohp;Blogging
@kellymsheridan;Blogging
@ebconspicuous;Blogging
@lexrodba;Blogging
@sportphys;Blogging
@hiwillfang;Blogging
@magoz;Blogging
@kevingraham;Blogging
@victoria;Blogging
@sdnorton;Blogging
@ecreipsmith;Blogging
@vipulnsward;Blogging
@startupwithmike;Blogging
@nerdontour;Blogging
@nicolastupecabet;Blogging
@fffabs;Blogging
@dohertyjf;Blogging
@jamesmkenny;Blogging
@ambarjanuel;Blogging
@pierregillesleymarie;Blogging
@divyenduz;Blogging
@adrienbetweets;Blogging
@tiagoforte;Blogging
@heftoy;Blogging
@aleks_muse;Blogging
@leukissanders;Blogging
@mahmoudswehli;Blogging
@n370;Blogging
@pauline;Blogging
@sergiosa_la;Blogging
@krompson;Blogging
@thetwopct;Blogging
@richardsondx;Blogging
@mayeu;Blogging
@dan_e_gray;Blogging
@milachervenkova;Blogging
@astridaml;Blogging
@zegreengeekette;Blogging
@tomaslau;Blogging
@saniyusuf;Blogging
@patrick;Blogging
@bryanjschaaf;Blogging
@hsmoi;Blogging
@paulaborowska;Blogging
@lisarobynkeown;Blogging
@bruno706;Blogging
@davidjuilfs;Blogging
@benjturner;Blogging
@taticonqueso;Blogging
@amwilkinson86;Blogging
@bovanalst;Blogging
@austingrandt;Blogging
@wordweaverfree;Blogging
@luke5;Blogging
@erikbrits;Blogging
@bea;Blogging
@mobilisinmobili;Blogging
@tadeusz;Blogging
@jeffmadduxcpa;Blogging
@revealed_dave;Blogging
@elizabethtallen;Blogging
@deemoun;Blogging
@inessadoud;Blogging
@harryguinness;Blogging
@007pandas1;Blogging
@joellepittman;Blogging
@harryworld;Blogging
@develdad;Blogging
@anthonyongaro;Blogging
@spieglio;Blogging
@barbaralicious;Blogging
@petepollard;Blogging
@fabrejulien;Blogging
@aaronbailey;Blogging
@dbibby;Blogging
@melb;Blogging
@romanfirnkranz;Blogging
@pptsjr;Blogging
@nerdtravels;Blogging
@leerosen;Blogging
@globe_trottah;Blogging
@paulmanea;Blogging
@xyborg;Blogging
@dmfreedom;Blogging
@garethbjenkins;Blogging
@salman;Blogging
@polinakocheva;Blogging
@abhi_mallik;Blogging
@katelynmsmith;Blogging
@christyre;Blogging
@nomadcook;Blogging
@mattia;Blogging
@mbfestudio;Blogging
@rrppspain;Blogging
@thiagoricieri;Blogging
@allan;Blogging
@klabuca;Blogging
@alita;Blogging
@dinhhoaitram;Blogging
@daanpruijssers;Blogging
@far_and_wide_with_joe;Blogging
@mayukojpn;Blogging
@info361;Blogging
@bastienbricout;Blogging
@naumank;Blogging
@witzelfitz;Blogging
@markbrooks;Blogging
@yuko;Blogging
@grahamleachpm;Blogging
@wandertooth;Blogging
@psylvain324;Blogging
@hannasoderq;Blogging
@maxicareercoach;Coach
@beeman;Coach
@julienhenzelin;Coach
@jonnym1ller;Coach
@10kjuan;Coach
@gawin;Coach
@eduardoborges;Coach
@zackllnyoung;Coach
@mikejcarton;Coach
@askleighstjohn;Coach
@chelocoach;Coach
@cameronbrown;Coach
@sdnorton;Coach
@brianclark55;Coach
@nickmarkham;Coach
@nicolastupecabet;Coach
@dohertyjf;Coach
@mattlellsworth;Coach
@tiagoforte;Coach
@n370;Coach
@1000lifelessons;Coach
@nathanaelkhodl;Coach
@mayeu;Coach
@flyingscottie;Coach
@saniyusuf;Coach
@bruno706;Coach
@bovanalst;Coach
@luke5;Coach
@hashinp;Coach
@ricardomorgado;Coach
@martijn;Coach
@thomas250;Coach
@yahli;Coach
@ajmcgrath;Coach
@flavia;Coach
@brendatremenda;Coach
@lionisis;Coach
@spieglio;Coach
@therese624;Coach
@chris4gen;Coach
@fabrejulien;Coach
@aaronbailey;Coach
@melb;Coach
@tomxavierofficiel;Coach
@andrefoeken;Coach
@reinis;Coach
@rodcul;Coach
@robschad;Coach
@heleneschmit;Coach
@janfabisiak;Coach
@eduardezeanu;Coach
@carosimon;Coach
@bastienbricout;Coach
@shaneboug;Coach
@msalissa_j;Coach
@cash61;Coach
@dunjalazic;Coach
@jonbarrett1;Coach
@motorcycledave;Coach
@jacobjay;Community
@nzieber;Community
@aaleksandar;Community
@dgdev;Community
@rockyrohde;Community
@sailorcheon;Community
@izzydoesizzy;Community
@illyism;Community
@camassey;Community
@codino;Community
@j0hnlucas;Community
@gohomebase;Community
@rpish;Community
@orsi;Community
@micha;Community
@calum;Community
@paulrose;Community
@nickyborry;Community
@isaak;Community
@gawin;Community
@eduardoborges;Community
@mikerogers0;Community
@anywhereness;Community
@flaki;Community
@cesartzian;Community
@simplycrazyp;Community
@chafullstack;Community
@tibzback;Community
@tribespeople;Community
@chicoxyzzy;Community
@wildmolasses;Community
@jessicaguzik;Community
@emeliefagel;Community
@sarahktrapp;Community
@paulohp;Community
@kellymsheridan;Community
@lexrodba;Community
@igroca;Community
@thinkthinkthink;Community
@tristintravels;Community
@petedoyle;Community
@brianclark55;Community
@eli_archgirl;Community
@una;Community
@arnebrasseur;Community
@ambarjanuel;Community
@amrith;Community
@alex765;Community
@vjvansantvoort;Community
@pierregillesleymarie;Community
@okokstefan_;Community
@vestenicky;Community
@jmegiralt;Community
@mgstapleton;Community
@adrienbetweets;Community
@tiagoforte;Community
@johannetzler;Community
@aleks_muse;Community
@n370;Community
@s_kolk;Community
@spinstreethouse;Community
@pauline;Community
@sergiosa_la;Community
@nathanaelkhodl;Community
@thetwopct;Community
@mayeu;Community
@kristian;Community
@dan_e_gray;Community
@grum;Community
@localjo;Community
@mrkoio;Community
@patrick;Community
@bryanjschaaf;Community
@amwilkinson86;Community
@olgama;Community
@luke5;Community
@firsara;Community
@mobilisinmobili;Community
@tadeusz;Community
@jeffmadduxcpa;Community
@inessadoud;Community
@misterniark;Community
@jmstein;Community
@jonbstrong;Community
@misscherylb;Community
@chris4gen;Community
@joyfriberg;Community
@melb;Community
@k_cieslak;Community
@html5cat;Community
@guisbc;Community
@rik_rustenburg;Community
@ibonazkoitia;Community
@andyzelinski;Community
@hspec;Community
@woontan;Community
@chrisgj;Community
@daniellauding;Community
@mattia;Community
@jason147;Community
@go_ginger_go;Community
@rrppspain;Community
@thiagoricieri;Community
@krishamoud;Community
@britseeingstars;Community
@erlend_sh;Community
@hadarhazangmailcom;Community
@mayukojpn;Community
@shotsuda;Community
@flexhuddle;Community
@jongjin;Community
@witzelfitz;Community
@joeyfenny;Community
@markbrooks;Community
@volodymyr_sadykov;Community
@capoma1;Community
@thomasghenry;Community
@mehdibenaniba;Community
@neoncouch;Community
@jtompl;Creative
@dianabaz;Creative
@jacobjay;Creative
@debbiec;Creative
@illyism;Creative
@damiendutoit;Creative
@satelliteeyes;Creative
@cbrwizard;Creative
@rpish;Creative
@micha;Creative
@john;Creative
@danny;Creative
@chrisrdodd;Creative
@adrianavecc;Creative
@kaushal;Creative
@jonnym1ller;Creative
@gawin;Creative
@mariasokolova;Creative
@anywhereness;Creative
@scottbrills;Creative
@travelingtoad;Creative
@dan335;Creative
@kumi;Creative
@flexrs;Creative
@steph_danforth;Creative
@bjornftw;Creative
@arreechung;Creative
@mikejcarton;Creative
@sup;Creative
@andykassier;Creative
@davidmurray;Creative
@emeliefagel;Creative
@jamesdaly90;Creative
@c_c;Creative
@piovella;Creative
@ryanchatterton;Creative
@luannalita;Creative
@artistdevida;Creative
@macwrites;Creative
@janvt;Creative
@matterandrew;Creative
@darceybeau;Creative
@derekozzy;Creative
@shiori_nakajima;Creative
@magoz;Creative
@1ikigai;Creative
@heyhannahbailey;Creative
@miquelrph;Creative
@ndrewcowley;Creative
@tristintravels;Creative
@victoria;Creative
@napadeu;Creative
@sdnorton;Creative
@ecreipsmith;Creative
@me1792;Creative
@nerdontour;Creative
@louis;Creative
@dashon;Creative
@zakerving;Creative
@nicolastupecabet;Creative
@momciloo;Creative
@eli_archgirl;Creative
@mvremmerden;Creative
@jacklorusso;Creative
@petrbambasek;Creative
@lucaslsf;Creative
@ambarjanuel;Creative
@trevormeier;Creative
@marcantoinefon;Creative
@alex765;Creative
@dhruveonmars;Creative
@antoineplu;Creative
@iri_r;Creative
@tomaswoksepp;Creative
@stephenfjohnson;Creative
@jmegiralt;Creative
@siddharthkshetrapal;Creative
@mauromassimiliano;Creative
@tiagoforte;Creative
@pminardo;Creative
@johannetzler;Creative
@aleks_muse;Creative
@leukissanders;Creative
@n370;Creative
@s_kolk;Creative
@pauline;Creative
@marc;Creative
@raoul;Creative
@sergiosa_la;Creative
@flowen;Creative
@nathanaelkhodl;Creative
@thetwopct;Creative
@richardsondx;Creative
@levelsio;Creative
@kristian;Creative
@fredrivett;Creative
@ashleyporciuncula;Creative
@mrjeremyblaze;Creative
@pixel;Creative
@grum;Creative
@mrkoio;Creative
@tomaslau;Creative
@han108;Creative
@patrick;Creative
@syneryder;Creative
@bernardette;Creative
@hsmoi;Creative
@dream;Creative
@bruno706;Creative
@davidjuilfs;Creative
@arpowers;Creative
@taticonqueso;Creative
@amwilkinson86;Creative
@olgama;Creative
@luke5;Creative
@firsara;Creative
@spacewood;Creative
@diannamallen;Creative
@babee;Creative
@bea;Creative
@zwasham;Creative
@mobilisinmobili;Creative
@ssr1368;Creative
@rishabhagg2;Creative
@fredrick;Creative
@antoinechr;Creative
@enavarro3;Creative
@subbedubbe;Creative
@theycallmemtr;Creative
@mrty;Creative
@martijn;Creative
@deargumenter;Creative
@thomas250;Creative
@kangaroo5383;Creative
@jessicaongko;Creative
@develdad;Creative
@ajmcgrath;Creative
@lionisis;Creative
@spieglio;Creative
@caroullou;Creative
@petepollard;Creative
@loren;Creative
@fabrejulien;Creative
@vegaroundtheworld;Creative
@melb;Creative
@katrin;Creative
@mpollock;Creative
@climbformemory;Creative
@julianamundim;Creative
@sbarrosf;Creative
@andrefoeken;Creative
@daviddupouy;Creative
@livingstonm;Creative
@gianberselli;Creative
@tswallen;Creative
@nomadcook;Creative
@daniellauding;Creative
@mattia;Creative
@zibra;Creative
@rrppspain;Creative
@anne_jin;Creative
@thiagoricieri;Creative
@karthicashokan;Creative
@oliviasuguri;Creative
@alita;Creative
@dinhhoaitram;Creative
@daanpruijssers;Creative
@shotsuda;Creative
@bastienbricout;Creative
@jongjin;Creative
@naumank;Creative
@gregmanko;Creative
@joeyfenny;Creative
@thekla;Creative
@glennangelo;Creative
@bneiluj;Creative
@yuko;Creative
@volodymyr_sadykov;Creative
@tinagillitzer;Creative
@jeffwilser;Creative
@dinaramay;Creative
@jwlee84;Creative
@motorcycledave;Creative
@thomasghenry;Creative
@jasmeet;Creative
@psylvain324;Creative
@hannasoderq;Creative
@kimberleyanderson;Creative
@neoncouch;Creative
@jmspwtrs;Creative
@lewellenmichael;Crypto
@keegansard;Crypto
@stevelacey;Crypto
@michaltakac;Crypto
@kytwb;Crypto
@luwiton;Crypto
@beeman;Crypto
@lonnylot;Crypto
@davisonio;Crypto
@cbrwizard;Crypto
@arcaballero;Crypto
@johnbrett_;Crypto
@kaurkirikall;Crypto
@jb;Crypto
@dmftaras;Crypto
@billey_b;Crypto
@gijsheerkens;Crypto
@alemacgo;Crypto
@andrewlt;Crypto
@nickpellant;Crypto
@ieatsalot;Crypto
@sup;Crypto
@andykassier;Crypto
@petiepizarro;Crypto
@mqt;Crypto
@erikbenjamin;Crypto
@aboundlessworld;Crypto
@unicycle;Crypto
@norbertdragan;Crypto
@b1nary;Crypto
@sebastienbarbier;Crypto
@meedamian;Crypto
@kko;Crypto
@madeddie;Crypto
@cryotodin;Crypto
@ymeiosis;Crypto
@petedoyle;Crypto
@vzablocky;Crypto
@lokiilow;Crypto
@alantrumeau;Crypto
@amscott56;Crypto
@me1792;Crypto
@joeykrug;Crypto
@anthonycastrio;Crypto
@nickmarkham;Crypto
@zakerving;Crypto
@travpreneur;Crypto
@patrickheneise;Crypto
@donbobvanbirt;Crypto
@ambarjanuel;Crypto
@schifter_;Crypto
@georgesdenkey;Crypto
@divyenduz;Crypto
@mgstapleton;Crypto
@adrienbetweets;Crypto
@ammmir;Crypto
@tuxcanfly;Crypto
@leukissanders;Crypto
@alexiatrini12;Crypto
@bobz_zg;Crypto
@bugtank;Crypto
@vfonic;Crypto
@refuseillusion;Crypto
@nathanaelkhodl;Crypto
@thetwopct;Crypto
@richardsondx;Crypto
@mrkoio;Crypto
@patrick;Crypto
@pierrickgt;Crypto
@victorfigol;Crypto
@knocte;Crypto
@davidjuilfs;Crypto
@luke5;Crypto
@mmusin;Crypto
@mv;Crypto
@eskimojamz;Crypto
@colus001;Crypto
@theycallmemtr;Crypto
@mrty;Crypto
@philiphomnack;Crypto
@martijn;Crypto
@svanevik;Crypto
@barbaralicious;Crypto
@hoperto;Crypto
@aaronbailey;Crypto
@ivanderbyl;Crypto
@krausefx;Crypto
@daviddupouy;Crypto
@youryoungko;Crypto
@reinis;Crypto
@kevintheair;Crypto
@shadi;Crypto
@sturob;Crypto
@lancelot;Crypto
@alexiscreuzot;Crypto
@marcberr;Crypto
@christensentr;Crypto
@cylim;Crypto
@scrb;Crypto
@nateyu;Crypto
@shotsuda;Crypto
@bastienbricout;Crypto
@witzelfitz;Crypto
@joeyfenny;Crypto
@bneiluj;Crypto
@codingz;Crypto
@jeffwilser;Crypto
@rus;Crypto
@soyjavi;Crypto
@psylvain324;Crypto
@lewellenmichael;Data
@brianavecchione;Data
@aaleksandar;Data
@stevelacey;Data
@dgdev;Data
@moraveklukas;Data
@bzamecnik;Data
@whosbacon;Data
@taavikalvi;Data
@msurocks99;Data
@ashukumar27;Data
@martinbourqui;Data
@rossleedham;Data
@micha;Data
@jb;Data
@codevipe;Data
@alexandros;Data
@paulrose;Data
@gijsheerkens;Data
@ibobriakov;Data
@gawin;Data
@eduardoborges;Data
@vladgsk;Data
@mikerogers0;Data
@lknix;Data
@florianfeibel;Data
@kumi;Data
@travlindicator;Data
@simone_scarduzio;Data
@madhukaraphatak;Data
@jamesldamico;Data
@mtjdotcom;Data
@tla;Data
@ignacio_elola;Data
@hattorious;Data
@sushmit;Data
@kblanqua;Data
@jonnaro;Data
@dboudro;Data
@amritsharma;Data
@danleslie;Data
@jwblackwell;Data
@ymeiosis;Data
@arthurprinsen;Data
@tristintravels;Data
@ryanbed;Data
@ruebenramirez;Data
@k_croes;Data
@me1792;Data
@venuatu;Data
@faizalabbas;Data
@nickmarkham;Data
@shastified;Data
@nicolastupecabet;Data
@sxswabraham;Data
@dohertyjf;Data
@eli_archgirl;Data
@jamesmkenny;Data
@osandacooray;Data
@harinijanakiraman;Data
@rcrocker13;Data
@peter217;Data
@petrbambasek;Data
@maitrik;Data
@sirkate;Data
@chuckwoodraska;Data
@ankurshardais;Data
@okokstefan_;Data
@tomaswoksepp;Data
@stephenfjohnson;Data
@martynd;Data
@mgstapleton;Data
@adrienbetweets;Data
@ryanclogg;Data
@tiagoforte;Data
@stephenbelanger;Data
@n370;Data
@ppnlo;Data
@remidurand;Data
@ssstofff;Data
@njo;Data
@evamamartin;Data
@nathanaelkhodl;Data
@jeremy;Data
@liv;Data
@theotherone;Data
@jumponweb;Data
@briac;Data
@carlescampos;Data
@philipithomas;Data
@bramp;Data
@winby;Data
@amwilkinson86;Data
@m322;Data
@luke5;Data
@katdville;Data
@pqvst;Data
@zwasham;Data
@jasoninbend;Data
@maebert;Data
@ricardomorgado;Data
@lilyxl8;Data
@enavarro3;Data
@theycallmemtr;Data
@seanhess;Data
@myqntm;Data
@deargumenter;Data
@carololiveira;Data
@svanevik;Data
@letitbevi;Data
@dekim24;Data
@realandrewwolfe;Data
@jeremygotteland;Data
@benjaben;Data
@mpollock;Data
@chazsroczynski;Data
@dmfreedom;Data
@andyzelinski;Data
@jvmeier;Data
@sturob;Data
@mwotton;Data
@daniellauding;Data
@alexiscreuzot;Data
@giorgenes;Data
@steph2l;Data
@scottroy01;Data
@bastienfp;Data
@dany;Data
@far_and_wide_with_joe;Data
@tschentscher;Data
@joeyfenny;Data
@bneiluj;Data
@marcus;Data
@abeppu;Data
@lewellenmichael;Ecommerce
@travelingpm;Ecommerce
@jacobjay;Ecommerce
@moraveklukas;Ecommerce
@bobbyvenice;Ecommerce
@mattgelgota;Ecommerce
@jamescrowley;Ecommerce
@davisonio;Ecommerce
@quintinjadam;Ecommerce
@dmftaras;Ecommerce
@danny;Ecommerce
@paulrose;Ecommerce
@jessehanley;Ecommerce
@gijsheerkens;Ecommerce
@gawin;Ecommerce
@eduardoborges;Ecommerce
@steph_danforth;Ecommerce
@simone_scarduzio;Ecommerce
@flowdee;Ecommerce
@andykassier;Ecommerce
@jamesdaly90;Ecommerce
@heyhannahbailey;Ecommerce
@ndrewcowley;Ecommerce
@ruebenramirez;Ecommerce
@vipulnsward;Ecommerce
@amscott56;Ecommerce
@nickmarkham;Ecommerce
@momciloo;Ecommerce
@friedelio;Ecommerce
@alex765;Ecommerce
@ankurshardais;Ecommerce
@okokstefan_;Ecommerce
@mikezliu;Ecommerce
@adrienbetweets;Ecommerce
@johannetzler;Ecommerce
@leukissanders;Ecommerce
@n370;Ecommerce
@mfrezz;Ecommerce
@vfonic;Ecommerce
@thetwopct;Ecommerce
@tomaslau;Ecommerce
@jeremy;Ecommerce
@syneryder;Ecommerce
@bruno706;Ecommerce
@davidjuilfs;Ecommerce
@taticonqueso;Ecommerce
@winby;Ecommerce
@antoinechr;Ecommerce
@inessadoud;Ecommerce
@mrty;Ecommerce
@martijn;Ecommerce
@deargumenter;Ecommerce
@thomas250;Ecommerce
@carololiveira;Ecommerce
@mihaela;Ecommerce
@nomadicdad;Ecommerce
@jadeefruit;Ecommerce
@misscherylb;Ecommerce
@james_thomas;Ecommerce
@lblogueur;Ecommerce
@nanahj;Ecommerce
@daviddupouy;Ecommerce
@reinis;Ecommerce
@dmfreedom;Ecommerce
@andyzelinski;Ecommerce
@facebook;Ecommerce
@so;Ecommerce
@chrisgj;Ecommerce
@mattia;Ecommerce
@rrppspain;Ecommerce
@robschad;Ecommerce
@steph2l;Ecommerce
@bastienfp;Ecommerce
@daanpruijssers;Ecommerce
@nateyu;Ecommerce
@bastienbricout;Ecommerce
@joeyfenny;Ecommerce
@demin;Ecommerce
@tronaxp;Ecommerce
@bdeck;Ecommerce
@capoma1;Ecommerce
@motorcycledave;Ecommerce
@tuhingates;Ecommerce
@neoncouch;Ecommerce
@jrearden;Ecommerce
@lewellenmichael;Education
@jtompl;Education
@fillipecordeiro;Education
@keegansard;Education
@baldtel;Education
@dgdev;Education
@debbiec;Education
@rockyrohde;Education
@kaaist;Education
@beeman;Education
@davisonio;Education
@derralle;Education
@jonnym1ller;Education
@johndbritton;Education
@10kjuan;Education
@gawin;Education
@eduardoborges;Education
@alemacgo;Education
@purplespatula;Education
@jorisrenaud;Education
@c_hylland;Education
@cookiewhirls;Education
@danielletdesign;Education
@matejsimek;Education
@carolinesyrup;Education
@meedamian;Education
@alexheartjs;Education
@paulantwilliams;Education
@zachtrice;Education
@ndrewcowley;Education
@austenallred;Education
@ahulton;Education
@eli_archgirl;Education
@ambarjanuel;Education
@divyenduz;Education
@mgstapleton;Education
@tiagoforte;Education
@heftoy;Education
@billcotter;Education
@pauline;Education
@sulaimani4ever;Education
@emilwallner;Education
@tomaslau;Education
@saniyusuf;Education
@bryanjschaaf;Education
@karimii;Education
@dennissiller;Education
@bruno706;Education
@bovanalst;Education
@curlycolly;Education
@tschoffelen;Education
@arnoldbeekes;Education
@bea;Education
@ssr1368;Education
@tadeusz;Education
@jasoninbend;Education
@elizabethtallen;Education
@myqntm;Education
@flavia;Education
@therese624;Education
@misscherylb;Education
@mmorris;Education
@clareharrison30;Education
@petepollard;Education
@chris4gen;Education
@jeremygotteland;Education
@joyfriberg;Education
@benjaben;Education
@html5cat;Education
@youryoungko;Education
@andreadardon;Education
@becfaye;Education
@vivli;Education
@tswallen;Education
@serban;Education
@jason147;Education
@rrppspain;Education
@janfabisiak;Education
@alita;Education
@dinhhoaitram;Education
@malika;Education
@carosimon;Education
@witzelfitz;Education
@azizaosman;Education
@jwlee84;Education
@thomasghenry;Education
@jasmeet;Education
@lewellenmichael;Finance
@travelingpm;Finance
@dgdev;Finance
@bobbyvenice;Finance
@jamescrowley;Finance
@iamfledge;Finance
@davisonio;Finance
@joshpeck;Finance
@johnconnelly;Finance
@jeffreytrull;Finance
@drewmeyers;Finance
@dmftaras;Finance
@gawin;Finance
@eduardoborges;Finance
@travelingtoad;Finance
@simone_scarduzio;Finance
@bjornftw;Finance
@flowdee;Finance
@davidmurray;Finance
@darceybeau;Finance
@wimgz;Finance
@zachtrice;Finance
@jackveiga;Finance
@ymeiosis;Finance
@vzablocky;Finance
@me1792;Finance
@faizalabbas;Finance
@patrickheneise;Finance
@ambarjanuel;Finance
@friedelio;Finance
@divyenduz;Finance
@mikezliu;Finance
@ryanclogg;Finance
@tuxcanfly;Finance
@mahmoudswehli;Finance
@dan_e_gray;Finance
@tomaslau;Finance
@julietlab;Finance
@bruno706;Finance
@lucozade;Finance
@m322;Finance
@luke5;Finance
@zwasham;Finance
@jeffmadduxcpa;Finance
@theycallmemtr;Finance
@philiphomnack;Finance
@silvestreramosmita;Finance
@dekim24;Finance
@shalin1589;Finance
@joyfriberg;Finance
@ivanderbyl;Finance
@reinis;Finance
@kevintheair;Finance
@lancelot;Finance
@daniellauding;Finance
@rrppspain;Finance
@androbwebb;Finance
@janfabisiak;Finance
@bastienfp;Finance
@jonathancoxon;Finance
@chodane;Finance
@bastienbricout;Finance
@gregmanko;Finance
@joeyfenny;Finance
@bneiluj;Finance
@motorcycledave;Finance
@dgdev;Fitness
@davisonio;Fitness
@johnbrett_;Fitness
@hellotiago;Fitness
@gijsheerkens;Fitness
@gawin;Fitness
@eduardoborges;Fitness
@anywhereness;Fitness
@andrewlt;Fitness
@nomadpauline;Fitness
@markentreibstoff;Fitness
@cookiewhirls;Fitness
@flowdee;Fitness
@letalumil;Fitness
@jonnaro;Fitness
@kellymsheridan;Fitness
@duncan_m;Fitness
@victoria;Fitness
@mvremmerden;Fitness
@divyenduz;Fitness
@iri_r;Fitness
@stephenfjohnson;Fitness
@johannetzler;Fitness
@leukissanders;Fitness
@pauline;Fitness
@marc;Fitness
@bobz_zg;Fitness
@vfonic;Fitness
@sergiosa_la;Fitness
@thetwopct;Fitness
@marc_dsouza;Fitness
@mrkoio;Fitness
@tomaslau;Fitness
@radmirm_;Fitness
@winby;Fitness
@reikudo;Fitness
@luke5;Fitness
@zwasham;Fitness
@lilyxl8;Fitness
@martijn;Fitness
@chris4gen;Fitness
@benjaben;Fitness
@pptsjr;Fitness
@climbformemory;Fitness
@phil_hawksworth;Fitness
@rik_rustenburg;Fitness
@cmr0n;Fitness
@andyzelinski;Fitness
@daniellauding;Fitness
@alexiscreuzot;Fitness
@mattia;Fitness
@krishamoud;Fitness
@christensentr;Fitness
@hpoul;Fitness
@robschad;Fitness
@steph2l;Fitness
@daanpruijssers;Fitness
@jacobeus;Fitness
@shaneboug;Fitness
@joeyfenny;Fitness
@psylvain324;Fitness
@skurilyak;Fitness
@dahmadizadeh;Fitness
@cbrwizard;Game Dev
@kangasjuha;Game Dev
@anywhereness;Game Dev
@dij_plz;Game Dev
@stephanie_dxb;Game Dev
@robinduckett;Game Dev
@steve_verm;Game Dev
@kode4fun;Game Dev
@janvt;Game Dev
@samdotvg;Game Dev
@1ikigai;Game Dev
@tristintravels;Game Dev
@nerdontour;Game Dev
@mikezliu;Game Dev
@pminardo;Game Dev
@nathanaelkhodl;Game Dev
@andreaspizsa;Game Dev
@richardsondx;Game Dev
@pixel;Game Dev
@puhfister;Game Dev
@eimantas;Game Dev
@ssr1368;Game Dev
@scul81;Game Dev
@arcomul;Game Dev
@james_thomas;Game Dev
@benjaben;Game Dev
@isaacprussey;Game Dev
@marcberr;Game Dev
@krishamoud;Game Dev
@bneiluj;Game Dev
@jacobjay;Geo
@stevelacey;Geo
@gawin;Geo
@mikerogers0;Geo
@anywhereness;Geo
@trevorgerhardt;Geo
@scottbrills;Geo
@funmioyatogun;Geo
@zachtrice;Geo
@petedoyle;Geo
@atxile;Geo
@nerdontour;Geo
@ambarjanuel;Geo
@tomaswoksepp;Geo
@stephenfjohnson;Geo
@n370;Geo
@pauline;Geo
@sergiosa_la;Geo
@patrick;Geo
@jasoninbend;Geo
@craigmiller;Geo
@daviddupouy;Geo
@daniellauding;Geo
@janfabisiak;Geo
@alita;Geo
@joeyfenny;Geo
@bneiluj;Geo
@michaelraiwet;Geo
@jacobjay;Hospitality
@eduardoborges;Hospitality
@scottbrills;Hospitality
@thezennomad;Hospitality
@pauline;Hospitality
@richardsondx;Hospitality
@olgama;Hospitality
@katdville;Hospitality
@mobilisinmobili;Hospitality
@melb;Hospitality
@rik_rustenburg;Hospitality
@daniellauding;Hospitality
@twadlinger;Hospitality
@jason147;Hospitality
@bastienfp;Hospitality
@phil;Hospitality
@alita;Hospitality
@far_and_wide_with_joe;Hospitality
@dlc86;Hospitality
@thomasghenry;Hospitality
@cristal_dyer;Journalism
@aaleksandar;Journalism
@debbiec;Journalism
@justinarenstein;Journalism
@john;Journalism
@jeffreytrull;Journalism
@anywhereness;Journalism
@msimm_offenburg;Journalism
@adamnowek;Journalism
@kblanqua;Journalism
@emeliefagel;Journalism
@kellymsheridan;Journalism
@amritsharma;Journalism
@danleslie;Journalism
@sdnorton;Journalism
@ecreipsmith;Journalism
@me1792;Journalism
@kathlanpher;Journalism
@ambarjanuel;Journalism
@gridinoc;Journalism
@okokstefan_;Journalism
@adrienbetweets;Journalism
@heftoy;Journalism
@richardsondx;Journalism
@dan_e_gray;Journalism
@hamedbehravan;Journalism
@presentday;Journalism
@bryanjschaaf;Journalism
@hsmoi;Journalism
@bruno706;Journalism
@bovanalst;Journalism
@luke5;Journalism
@mobilisinmobili;Journalism
@harryguinness;Journalism
@chris4gen;Journalism
@loren;Journalism
@aaronbailey;Journalism
@melb;Journalism
@theminimillionaire;Journalism
@janna;Journalism
@dmfreedom;Journalism
@mattia;Journalism
@allan;Journalism
@klabuca;Journalism
@nomadwalkabout;Journalism
@markorandelovic;Journalism
@janfabisiak;Journalism
@naumank;Journalism
@jeffwilser;Journalism
@islandjackie;Journalism
@kimberleyanderson;Journalism
@luwiton;Law
@davidmurray;Law
@sindicate6;Law
@glaudemans;Law
@ymeiosis;Law
@jreverywhere;Law
@smfeng;Law
@davidjuilfs;Law
@elizabethtallen;Law
@petepollard;Law
@leerosen;Law
@rpish;Logistics
@anywhereness;Logistics
@trevorgerhardt;Logistics
@carolinesyrup;Logistics
@vipulnsward;Logistics
@brianclark55;Logistics
@nickmarkham;Logistics
@tiagoforte;Logistics
@n370;Logistics
@climbformemory;Logistics
@dmfreedom;Logistics
@bastienfp;Logistics
@joeyfenny;Logistics
@bdeck;Logistics
@jrearden;Logistics
@fillipecordeiro;Marketing
@austinmao;Marketing
@anistartup;Marketing
@debbiec;Marketing
@moraveklukas;Marketing
@jnpkr;Marketing
@olivierthms;Marketing
@mattgelgota;Marketing
@krisdeleon;Marketing
@julianx;Marketing
@juliendevoir;Marketing
@davisonio;Marketing
@jpelker;Marketing
@jonsunandco;Marketing
@nomadsalsero;Marketing
@wilco;Marketing
@sebastianj;Marketing
@rpish;Marketing
@rossleedham;Marketing
@nateliason;Marketing
@msarlitt;Marketing
@mattdickinson;Marketing
@kallemoen;Marketing
@john;Marketing
@jimwyuan;Marketing
@jeffreytrull;Marketing
@paulrose;Marketing
@jonnym1ller;Marketing
@jessehanley;Marketing
@nickyborry;Marketing
@gijsheerkens;Marketing
@rxs;Marketing
@nomadbound;Marketing
@eduardoborges;Marketing
@vladgsk;Marketing
@christianoliveira;Marketing
@pixelfiesta;Marketing
@florianfeibel;Marketing
@travelingtoad;Marketing
@zackllnyoung;Marketing
@espenmalling;Marketing
@lopesrosanna;Marketing
@dirtandrust;Marketing
@jasonkd;Marketing
@cesartzian;Marketing
@rebeccacbowden;Marketing
@guifrombcn;Marketing
@giotrotto;Marketing
@alexis_sindicic;Marketing
@jamesldamico;Marketing
@nico_lrx;Marketing
@davpires;Marketing
@simplycrazyp;Marketing
@chafullstack;Marketing
@mejohnsonjr;Marketing
@cookiewhirls;Marketing
@_ryan_bartley_;Marketing
@perzegov;Marketing
@mindofsari;Marketing
@yliasm;Marketing
@sup;Marketing
@thesmmile;Marketing
@timchardme;Marketing
@flowdee;Marketing
@tibzback;Marketing
@andykassier;Marketing
@sdrth_;Marketing
@tla;Marketing
@chris_fong;Marketing
@lizzie;Marketing
@kks;Marketing
@erikbenjamin;Marketing
@kblanqua;Marketing
@freddychanut;Marketing
@jonnaro;Marketing
@vancityj;Marketing
@markpcolgan;Marketing
@acsaari;Marketing
@sarahktrapp;Marketing
@angeliquetoque;Marketing
@ryanchatterton;Marketing
@patrickklima;Marketing
@macwrites;Marketing
@jshlii;Marketing
@lexrodba;Marketing
@louic;Marketing
@matterandrew;Marketing
@nathanjmurphy;Marketing
@wimgz;Marketing
@jamesfgibbons;Marketing
@1ikigai;Marketing
@heyhannahbailey;Marketing
@thinkthinkthink;Marketing
@duncan_m;Marketing
@harsh;Marketing
@startupadvisor;Marketing
@miquelrph;Marketing
@arthurprinsen;Marketing
@vzablocky;Marketing
@camwiese;Marketing
@ecreipsmith;Marketing
@startupwithmike;Marketing
@peterlevitan;Marketing
@faizalabbas;Marketing
@nickmarkham;Marketing
@travpreneur;Marketing
@clouvi;Marketing
@deniskabakov;Marketing
@dohertyjf;Marketing
@maychenc;Marketing
@pberendt;Marketing
@osandacooray;Marketing
@thezennomad;Marketing
@ludde;Marketing
@cessperience;Marketing
@jpbobbaers;Marketing
@petrbambasek;Marketing
@ambarjanuel;Marketing
@friedelio;Marketing
@okokstefan_;Marketing
@mattlellsworth;Marketing
@tomaswoksepp;Marketing
@martynd;Marketing
@ryanclogg;Marketing
@tiagoforte;Marketing
@aleks_muse;Marketing
@leukissanders;Marketing
@n370;Marketing
@remidurand;Marketing
@domas;Marketing
@pauline;Marketing
@irshaid;Marketing
@mfrezz;Marketing
@hzambianco;Marketing
@bianca_joswiak;Marketing
@sergiosa_la;Marketing
@ivankreimer;Marketing
@evamamartin;Marketing
@mlstotts;Marketing
@musolek;Marketing
@thetwopct;Marketing
@richardsondx;Marketing
@derviskilic;Marketing
@camrabier;Marketing
@tsunamipr;Marketing
@theblakemoore;Marketing
@dan_e_gray;Marketing
@milachervenkova;Marketing
@hfauq;Marketing
@tomaslau;Marketing
@jeremy;Marketing
@allbombs;Marketing
@druh_opryshok;Marketing
@kaleiwhite;Marketing
@bernardette;Marketing
@liamdillon;Marketing
@hsmoi;Marketing
@jumponweb;Marketing
@briac;Marketing
@keithbaumwald;Marketing
@jaybuild100k;Marketing
@buizachristina;Marketing
@bruno706;Marketing
@sunilsinghme;Marketing
@kymellis;Marketing
@derico;Marketing
@shewandas;Marketing
@bramp;Marketing
@benjturner;Marketing
@ericayala;Marketing
@winby;Marketing
@amwilkinson86;Marketing
@andrewjmyers;Marketing
@m322;Marketing
@aewickham;Marketing
@gingerviking123;Marketing
@luke5;Marketing
@douglascrets;Marketing
@katdville;Marketing
@zwasham;Marketing
@tautologicaly;Marketing
@cyrilgupta;Marketing
@jivins11;Marketing
@courtney;Marketing
@rohit857;Marketing
@antoinechr;Marketing
@inessadoud;Marketing
@viperchill;Marketing
@ppccat;Marketing
@enavarro3;Marketing
@tombuckland;Marketing
@theycallmemtr;Marketing
@mrty;Marketing
@nwkwan;Marketing
@martijn;Marketing
@ericste_in;Marketing
@deargumenter;Marketing
@thomas250;Marketing
@oesah;Marketing
@jlengstorf;Marketing
@bogdanch;Marketing
@mihaela;Marketing
@anthonyongaro;Marketing
@chromatomatic;Marketing
@ajmcgrath;Marketing
@spieglio;Marketing
@andre;Marketing
@andrea;Marketing
@jonbstrong;Marketing
@tillcarlos;Marketing
@misscherylb;Marketing
@fleeting_life;Marketing
@loren;Marketing
@danicatalina;Marketing
@james_thomas;Marketing
@vegaroundtheworld;Marketing
@melb;Marketing
@mpollock;Marketing
@aktif;Marketing
@sbarrosf;Marketing
@leerosen;Marketing
@hackinglife7;Marketing
@marss;Marketing
@rik_rustenburg;Marketing
@etang20;Marketing
@caseyr;Marketing
@xyborg;Marketing
@dmfreedom;Marketing
@davidpeake;Marketing
@winum;Marketing
@farahato;Marketing
@londonranking;Marketing
@meettherebels;Marketing
@tswallen;Marketing
@elisha;Marketing
@daniellauding;Marketing
@mattia;Marketing
@abbygmcclain;Marketing
@go_ginger_go;Marketing
@rrppspain;Marketing
@seointhesun;Marketing
@kchau;Marketing
@marcberr;Marketing
@klabuca;Marketing
@robschad;Marketing
@steph2l;Marketing
@scottroy01;Marketing
@bastienfp;Marketing
@jeanmoncrieff;Marketing
@ryangum;Marketing
@daanpruijssers;Marketing
@nateyu;Marketing
@far_and_wide_with_joe;Marketing
@ericvan;Marketing
@luciazw;Marketing
@info361;Marketing
@bastienbricout;Marketing
@taylorletterman;Marketing
@naumank;Marketing
@witzelfitz;Marketing
@alexmiddel;Marketing
@gregmanko;Marketing
@joeyfenny;Marketing
@bastianernst;Marketing
@dunjalazic;Marketing
@hillary_br;Marketing
@jonbarrett1;Marketing
@markbrooks;Marketing
@ondrejkubala;Marketing
@kapimac;Marketing
@capoma1;Marketing
@rus;Marketing
@marcus;Marketing
@motorcycledave;Marketing
@manuk;Marketing
@fayeishere;Marketing
@kimberleyanderson;Marketing
@neoncouch;Marketing
@aspkin;Marketing
@darceybeau;Medical
@anthonycastrio;Medical
@remidurand;Medical
@pauline;Medical
@bryanjschaaf;Medical
@bramp;Medical
@theycallmemtr;Medical
@drnomadz;Medical
@petepollard;Medical
@andrefoeken;Medical
@andyzelinski;Medical
@hadarhazangmailcom;Medical
@fillipecordeiro;Mobile Dev
@elirang;Mobile Dev
@bilalbudhani;Mobile Dev
@beeman;Mobile Dev
@justeos;Mobile Dev
@jakubtomanik;Mobile Dev
@greenwell;Mobile Dev
@ptisunov;Mobile Dev
@micha;Mobile Dev
@matekovacs;Mobile Dev
@jb;Mobile Dev
@adrianchinghc;Mobile Dev
@paulrose;Mobile Dev
@billey_b;Mobile Dev
@stevenp;Mobile Dev
@gawin;Mobile Dev
@piazza_chris;Mobile Dev
@anywhereness;Mobile Dev
@tiojoca;Mobile Dev
@dylanofmoore;Mobile Dev
@omarmohameddev;Mobile Dev
@nathanfulkerson;Mobile Dev
@bjornftw;Mobile Dev
@hussamelemmawi;Mobile Dev
@dragosnm;Mobile Dev
@jlipovsky;Mobile Dev
@chroman;Mobile Dev
@wilczynski_a;Mobile Dev
@flowdee;Mobile Dev
@nomadc_anna;Mobile Dev
@netbe;Mobile Dev
@ptrpavlik;Mobile Dev
@mqt;Mobile Dev
@letalumil;Mobile Dev
@sharvit;Mobile Dev
@unicycle;Mobile Dev
@maila;Mobile Dev
@paulohp;Mobile Dev
@arivocals;Mobile Dev
@daliso;Mobile Dev
@susannedevlin;Mobile Dev
@martn_st;Mobile Dev
@7farah7;Mobile Dev
@samdotvg;Mobile Dev
@keithkunz2;Mobile Dev
@thinkthinkthink;Mobile Dev
@lorean;Mobile Dev
@ymeiosis;Mobile Dev
@petedoyle;Mobile Dev
@klemen;Mobile Dev
@vipulnsward;Mobile Dev
@bugfixer1;Mobile Dev
@louis;Mobile Dev
@zakerving;Mobile Dev
@jzs;Mobile Dev
@jamesmkenny;Mobile Dev
@donbobvanbirt;Mobile Dev
@friedelio;Mobile Dev
@nekofar;Mobile Dev
@alex765;Mobile Dev
@dhruveonmars;Mobile Dev
@krzysiekrodak;Mobile Dev
@ankurshardais;Mobile Dev
@vincent;Mobile Dev
@andrewwilliams;Mobile Dev
@divyenduz;Mobile Dev
@iri_r;Mobile Dev
@mikezliu;Mobile Dev
@mgstapleton;Mobile Dev
@pminardo;Mobile Dev
@mahmoudswehli;Mobile Dev
@n370;Mobile Dev
@fernandonfeitosa;Mobile Dev
@wwoessi;Mobile Dev
@vfonic;Mobile Dev
@franvera;Mobile Dev
@mrtnzlml;Mobile Dev
@richardsondx;Mobile Dev
@florianbuerger;Mobile Dev
@pixel;Mobile Dev
@ky;Mobile Dev
@saniyusuf;Mobile Dev
@gcg;Mobile Dev
@nderkach;Mobile Dev
@zerocatch;Mobile Dev
@sarbogast;Mobile Dev
@ktran03;Mobile Dev
@egonz;Mobile Dev
@puhfister;Mobile Dev
@knocte;Mobile Dev
@eimantas;Mobile Dev
@amwilkinson86;Mobile Dev
@reikudo;Mobile Dev
@m322;Mobile Dev
@highhermitage;Mobile Dev
@revealed_dave;Mobile Dev
@lilyxl8;Mobile Dev
@punksta;Mobile Dev
@warrington11;Mobile Dev
@fakemikewalston;Mobile Dev
@nielsify;Mobile Dev
@jeremygotteland;Mobile Dev
@scottthoo;Mobile Dev
@raziel81;Mobile Dev
@joyfriberg;Mobile Dev
@benjaben;Mobile Dev
@michaelhealy;Mobile Dev
@craigmiller;Mobile Dev
@susanne;Mobile Dev
@krausefx;Mobile Dev
@html5cat;Mobile Dev
@traveldeveloper;Mobile Dev
@kubajz;Mobile Dev
@youryoungko;Mobile Dev
@mreynolds33;Mobile Dev
@isaacprussey;Mobile Dev
@cmr0n;Mobile Dev
@shadi;Mobile Dev
@gnzlt;Mobile Dev
@journeytech_ca;Mobile Dev
@tswallen;Mobile Dev
@luciddan;Mobile Dev
@alexiscreuzot;Mobile Dev
@thiagoricieri;Mobile Dev
@marcberr;Mobile Dev
@krishamoud;Mobile Dev
@schjonhaug;Mobile Dev
@adrianocelentano;Mobile Dev
@androbwebb;Mobile Dev
@alanhalley;Mobile Dev
@hpoul;Mobile Dev
@karthicashokan;Mobile Dev
@cylim;Mobile Dev
@kevmar08;Mobile Dev
@demin;Mobile Dev
@bneiluj;Mobile Dev
@codingz;Mobile Dev
@phil474;Mobile Dev
@andyafk;Mobile Dev
@cameron;Mobile Dev
@thomasghenry;Mobile Dev
@cotfasvlad;Mobile Dev
@jtompl;Politics
@keegansard;Politics
@dgdev;Politics
@josh_koch;Politics
@anywhereness;Politics
@adamnowek;Politics
@carterlized;Politics
@abstaa;Politics
@lexrodba;Politics
@sdnorton;Politics
@ambarjanuel;Politics
@stephenfjohnson;Politics
@mrjeremyblaze;Politics
@mrkoio;Politics
@bryanjschaaf;Politics
@eimantas;Politics
@mobilisinmobili;Politics
@elizabethtallen;Politics
@myqntm;Politics
@melb;Politics
@reinis;Politics
@rorymcdougall;Politics
@janfabisiak;Politics
@jongjin;Politics
@motorcycledave;Politics
@lewellenmichael;Product Manager
@jtompl;Product Manager
@anigupta;Product Manager
@travelingpm;Product Manager
@aaleksandar;Product Manager
@dgdev;Product Manager
@moraveklukas;Product Manager
@fmazzoli89;Product Manager
@luwiton;Product Manager
@bilalbudhani;Product Manager
@ahmayou;Product Manager
@lonnylot;Product Manager
@j0hnlucas;Product Manager
@davidfchang;Product Manager
@xnutsive;Product Manager
@orsi;Product Manager
@john;Product Manager
@jb;Product Manager
@dmftaras;Product Manager
@gijsheerkens;Product Manager
@gawin;Product Manager
@eduardoborges;Product Manager
@wanderingdev;Product Manager
@ckomagan;Product Manager
@luluisland;Product Manager
@flowdee;Product Manager
@kzaaaam;Product Manager
@jasonhatesjazz;Product Manager
@talbrown;Product Manager
@vancityj;Product Manager
@lucyfchen;Product Manager
@louhew;Product Manager
@mariec1234;Product Manager
@jmaskell;Product Manager
@cfein07;Product Manager
@tristintravels;Product Manager
@ryanbed;Product Manager
@jeremykovac;Product Manager
@startupwithmike;Product Manager
@me1792;Product Manager
@niklaslavrell;Product Manager
@anthonycastrio;Product Manager
@nickmarkham;Product Manager
@greeenbox;Product Manager
@petrbambasek;Product Manager
@deconstructsuck;Product Manager
@marcantoinefon;Product Manager
@stvbutlr;Product Manager
@maroberts913;Product Manager
@divyenduz;Product Manager
@mosspaul;Product Manager
@martynd;Product Manager
@mgstapleton;Product Manager
@pimvdnoll;Product Manager
@aleks_muse;Product Manager
@n370;Product Manager
@nathanaelkhodl;Product Manager
@andreaspizsa;Product Manager
@richardsondx;Product Manager
@camrabier;Product Manager
@dan_e_gray;Product Manager
@hfauq;Product Manager
@ky;Product Manager
@madebysan;Product Manager
@mattb;Product Manager
@gtmcknight;Product Manager
@egonz;Product Manager
@liamdillon;Product Manager
@bruno706;Product Manager
@eimantas;Product Manager
@winby;Product Manager
@jevyjevjevs;Product Manager
@yonatanbiri;Product Manager
@mv;Product Manager
@jdonati;Product Manager
@revealed_dave;Product Manager
@lilyxl8;Product Manager
@martijn;Product Manager
@andygreenwood;Product Manager
@spieglio;Product Manager
@jaicab;Product Manager
@fabrejulien;Product Manager
@raziel81;Product Manager
@mpollock;Product Manager
@ivanderbyl;Product Manager
@html5cat;Product Manager
@rik_rustenburg;Product Manager
@reinis;Product Manager
@maxim_arnold;Product Manager
@dmfreedom;Product Manager
@salman;Product Manager
@jazic;Product Manager
@rodcul;Product Manager
@tswallen;Product Manager
@luciddan;Product Manager
@orenkurve;Product Manager
@rrppspain;Product Manager
@marcberr;Product Manager
@joshuapinter;Product Manager
@bastienfp;Product Manager
@joeyfenny;Product Manager
@aventure;Product Manager
@amarshall664;Product Manager
@capoma1;Product Manager
@grahamleachpm;Product Manager
@neoncouch;Product Manager
@jtompl;SaaS
@stevelacey;SaaS
@dgdev;SaaS
@moraveklukas;SaaS
@bobbyvenice;SaaS
@jamescrowley;SaaS
@bilalbudhani;SaaS
@illyism;SaaS
@ninoskopac;SaaS
@lonnylot;SaaS
@davisonio;SaaS
@quintinjadam;SaaS
@arcaballero;SaaS
@rpish;SaaS
@ptisunov;SaaS
@jb;SaaS
@hellotiago;SaaS
@dmftaras;SaaS
@adrianchinghc;SaaS
@paulrose;SaaS
@theunixbeard;SaaS
@gijsheerkens;SaaS
@gawin;SaaS
@wfxyz;SaaS
@mikerogers0;SaaS
@spillere;SaaS
@simone_scarduzio;SaaS
@nico_lrx;SaaS
@flowdee;SaaS
@carolinesyrup;SaaS
@ryanchatterton;SaaS
@aaz;SaaS
@lexrodba;SaaS
@ivascucristian;SaaS
@nathanjmurphy;SaaS
@juanpablob;SaaS
@madeddie;SaaS
@thinkthinkthink;SaaS
@kevingraham;SaaS
@jwblackwell;SaaS
@duncan_m;SaaS
@jackveiga;SaaS
@lorean;SaaS
@ndrewcowley;SaaS
@ryanbed;SaaS
@kyshoc;SaaS
@ecreipsmith;SaaS
@amscott56;SaaS
@startupwithmike;SaaS
@louis;SaaS
@jzs;SaaS
@dohertyjf;SaaS
@eli_archgirl;SaaS
@jacklorusso;SaaS
@patrickheneise;SaaS
@cessperience;SaaS
@petrbambasek;SaaS
@mathieudutour;SaaS
@maroberts913;SaaS
@stephenfjohnson;SaaS
@vestenicky;SaaS
@marcelhagedoorn;SaaS
@mgstapleton;SaaS
@ammmir;SaaS
@aleks_muse;SaaS
@ahawkins;SaaS
@n370;SaaS
@remidurand;SaaS
@marc;SaaS
@pugson;SaaS
@vfonic;SaaS
@franvera;SaaS
@nathanaelkhodl;SaaS
@thetwopct;SaaS
@mayeu;SaaS
@fredrivett;SaaS
@mrjeremyblaze;SaaS
@madebysan;SaaS
@tomaslau;SaaS
@gtmcknight;SaaS
@carlescampos;SaaS
@philipithomas;SaaS
@jeromeargot;SaaS
@davidjuilfs;SaaS
@amwilkinson86;SaaS
@m322;SaaS
@firsara;SaaS
@mobilisinmobili;SaaS
@cyrilgupta;SaaS
@ajmcgrath;SaaS
@dekim24;SaaS
@anhphan;SaaS
@lblogueur;SaaS
@ivanderbyl;SaaS
@daviddupouy;SaaS
@jdstuart;SaaS
@mightyalex;SaaS
@cmr0n;SaaS
@maxim_arnold;SaaS
@facebook;SaaS
@daniellauding;SaaS
@thiagoricieri;SaaS
@steph2l;SaaS
@bastienfp;SaaS
@daanpruijssers;SaaS
@carosimon;SaaS
@jongjin;SaaS
@joeyfenny;SaaS
@manavo;SaaS
@andyafk;SaaS
@wooster;SaaS
@rus;SaaS
@dahmadizadeh;SaaS
@keegansard;Sales
@dgdev;Sales
@moraveklukas;Sales
@jessehanley;Sales
@eduardoborges;Sales
@vladgsk;Sales
@simone_scarduzio;Sales
@adomasb;Sales
@jamesldamico;Sales
@cookiewhirls;Sales
@erikbenjamin;Sales
@talbrown;Sales
@kblanqua;Sales
@lexrodba;Sales
@1ikigai;Sales
@thinkthinkthink;Sales
@duncan_m;Sales
@vzablocky;Sales
@anthonycastrio;Sales
@nickmarkham;Sales
@dohertyjf;Sales
@junderstorm;Sales
@cessperience;Sales
@petrbambasek;Sales
@alex765;Sales
@sethrohan16;Sales
@okokstefan_;Sales
@johannetzler;Sales
@n370;Sales
@thetwopct;Sales
@mrkoio;Sales
@tomaslau;Sales
@hsmoi;Sales
@bruno706;Sales
@ericayala;Sales
@m322;Sales
@luke5;Sales
@zwasham;Sales
@cyrilgupta;Sales
@doddecahedron;Sales
@thomas250;Sales
@carololiveira;Sales
@silvestreramosmita;Sales
@melb;Sales
@rrppspain;Sales
@raphaeld;Sales
@bastienfp;Sales
@daanpruijssers;Sales
@far_and_wide_with_joe;Sales
@mayukojpn;Sales
@bastienbricout;Sales
@joeyfenny;Sales
@demin;Sales
@markbrooks;Sales
@bdeck;Sales
@motorcycledave;Sales
@jasmeet;Sales
@tuhingates;Sales
@psylvain324;Sales
@lewellenmichael;Software Dev
@jtompl;Software Dev
@ndbroadbent;Software Dev
@jaszczakw;Software Dev
@anigupta;Software Dev
@fillipecordeiro;Software Dev
@voising;Software Dev
@dotnet;Software Dev
@guar47;Software Dev
@jacobjay;Software Dev
@stevenzhang;Software Dev
@stevelacey;Software Dev
@dgdev;Software Dev
@woahitsraj;Software Dev
@jayphen;Software Dev
@kevinflo;Software Dev
@alexis_ouellet;Software Dev
@cjackson27;Software Dev
@luwiton;Software Dev
@stijnbe;Software Dev
@jamescrowley;Software Dev
@iamfledge;Software Dev
@bilalbudhani;Software Dev
@illyism;Software Dev
@beeman;Software Dev
@ninoskopac;Software Dev
@lonnylot;Software Dev
@davisonio;Software Dev
@johnreynolds;Software Dev
@goshakkk;Software Dev
@nealbozeman;Software Dev
@quintinjadam;Software Dev
@tpaktop;Software Dev
@cbrwizard;Software Dev
@arcaballero;Software Dev
@johnbrett_;Software Dev
@johnconnelly;Software Dev
@twymer;Software Dev
@terminalpixel;Software Dev
@ptisunov;Software Dev
@mrsergejl;Software Dev
@mrmading;Software Dev
@micha;Software Dev
@havesomegante;Software Dev
@julienhenzelin;Software Dev
@john;Software Dev
@jeffreytrull;Software Dev
@jb;Software Dev
@eddgysousa;Software Dev
@adrianchinghc;Software Dev
@paulrose;Software Dev
@mathijs;Software Dev
@gawin;Software Dev
@ferhatdegirmenc;Software Dev
@matevaltr;Software Dev
@chilladx;Software Dev
@mikerogers0;Software Dev
@anywhereness;Software Dev
@trevorgerhardt;Software Dev
@godfoca;Software Dev
@tiojoca;Software Dev
@christianreyok;Software Dev
@timfernando;Software Dev
@axlos;Software Dev
@christianpugliese;Software Dev
@spillere;Software Dev
@wanderingdev;Software Dev
@simone_scarduzio;Software Dev
@valfrancisco14;Software Dev
@stefan;Software Dev
@drh;Software Dev
@wernerhoffmann;Software Dev
@nickpellant;Software Dev
@suni349;Software Dev
@jeditweets;Software Dev
@paykhan;Software Dev
@mikeric;Software Dev
@tonyschmidt;Software Dev
@jeroldday;Software Dev
@mdnmadan;Software Dev
@bodaandroid;Software Dev
@flowdee;Software Dev
@andykassier;Software Dev
@magnuspaaske;Software Dev
@halles;Software Dev
@klein_stephane;Software Dev
@aj_bombach;Software Dev
@craigcarlyle;Software Dev
@piscolomo;Software Dev
@jasonhatesjazz;Software Dev
@pixelcrash;Software Dev
@mqt;Software Dev
@joncottonuk;Software Dev
@letalumil;Software Dev
@janthony;Software Dev
@blured2000;Software Dev
@hattorious;Software Dev
@chicoxyzzy;Software Dev
@sharvit;Software Dev
@unicycle;Software Dev
@maila;Software Dev
@nat;Software Dev
@avinasha;Software Dev
@katelevy;Software Dev
@tamtamchik;Software Dev
@skewed_corp;Software Dev
@tmaximini;Software Dev
@balindsieber;Software Dev
@cpitkin;Software Dev
@aaz;Software Dev
@steve_verm;Software Dev
@paulohp;Software Dev
@gphillips_nz;Software Dev
@cciarm;Software Dev
@amyyli;Software Dev
@edu;Software Dev
@gradosevic;Software Dev
@smothers;Software Dev
@goodforenergy;Software Dev
@lexrodba;Software Dev
@janvt;Software Dev
@ivascucristian;Software Dev
@meedamian;Software Dev
@kmurph;Software Dev
@daliso;Software Dev
@kit;Software Dev
@petersanchez;Software Dev
@halfcube;Software Dev
@susannedevlin;Software Dev
@martn_st;Software Dev
@madeddie;Software Dev
@sinisan86;Software Dev
@magoz;Software Dev
@thinkthinkthink;Software Dev
@vaerk;Software Dev
@lorean;Software Dev
@ymeiosis;Software Dev
@ndrewcowley;Software Dev
@petedoyle;Software Dev
@jon_perl;Software Dev
@ryanbed;Software Dev
@kyshoc;Software Dev
@ruebenramirez;Software Dev
@atxile;Software Dev
@lokiilow;Software Dev
@k_croes;Software Dev
@michaeljunio;Software Dev
@vipulnsward;Software Dev
@amscott56;Software Dev
@niklaslavrell;Software Dev
@bugfixer1;Software Dev
@anthonycastrio;Software Dev
@langrisha;Software Dev
@alewis2005;Software Dev
@louis;Software Dev
@greeenbox;Software Dev
@zakerving;Software Dev
@nicolastupecabet;Software Dev
@momciloo;Software Dev
@thomas;Software Dev
@ric2z;Software Dev
@harryneelam;Software Dev
@jzs;Software Dev
@haoxilu;Software Dev
@jacklorusso;Software Dev
@valearmenise;Software Dev
@jamesmkenny;Software Dev
@thisiscarlosgomes;Software Dev
@patrickheneise;Software Dev
@nathaniellewis;Software Dev
@mathieudutour;Software Dev
@derencius;Software Dev
@hollyknowlman;Software Dev
@anatoliykmetyuk;Software Dev
@maitrik;Software Dev
@jpmitchell293;Software Dev
@nekofar;Software Dev
@danielvlopes;Software Dev
@chuckwoodraska;Software Dev
@ankurshardais;Software Dev
@pierregillesleymarie;Software Dev
@themarioblog;Software Dev
@maroberts913;Software Dev
@sampiercelolla;Software Dev
@divyenduz;Software Dev
@tomaswoksepp;Software Dev
@mosspaul;Software Dev
@nbejou;Software Dev
@stephenfjohnson;Software Dev
@martynd;Software Dev
@jmegiralt;Software Dev
@jamestommo;Software Dev
@mikezliu;Software Dev
@benkettlewell;Software Dev
@siddharthkshetrapal;Software Dev
@mgstapleton;Software Dev
@outcoldman;Software Dev
@ammmir;Software Dev
@pimvdnoll;Software Dev
@pminardo;Software Dev
@stephenbelanger;Software Dev
@tuxcanfly;Software Dev
@mattlewis92;Software Dev
@mahmoudswehli;Software Dev
@francescocarlucci;Software Dev
@ahawkins;Software Dev
@n370;Software Dev
@ppnlo;Software Dev
@remidurand;Software Dev
@samlikescode;Software Dev
@ronald;Software Dev
@marc;Software Dev
@ireade;Software Dev
@pugson;Software Dev
@vfonic;Software Dev
@ankitgoel;Software Dev
@neosilky;Software Dev
@franvera;Software Dev
@desmondo;Software Dev
@meredal;Software Dev
@holamendi;Software Dev
@danielmeade;Software Dev
@mrtnzlml;Software Dev
@andreaspizsa;Software Dev
@thetwopct;Software Dev
@dr_dimaka;Software Dev
@richardsondx;Software Dev
@mayeu;Software Dev
@levelsio;Software Dev
@florianbuerger;Software Dev
@wakkos;Software Dev
@kristian;Software Dev
@adieuadieu;Software Dev
@mikenorth;Software Dev
@pixel;Software Dev
@ky;Software Dev
@localjo;Software Dev
@saniyusuf;Software Dev
@gcg;Software Dev
@hamedbehravan;Software Dev
@mxstbr;Software Dev
@syneryder;Software Dev
@pr0fess0r;Software Dev
@nderkach;Software Dev
@jpmerritt;Software Dev
@sarbogast;Software Dev
@paulgosnell;Software Dev
@egonz;Software Dev
@theotherone;Software Dev
@carlescampos;Software Dev
@riterrani;Software Dev
@amyeee;Software Dev
@philipithomas;Software Dev
@knocte;Software Dev
@eimantas;Software Dev
@tutuncumert;Software Dev
@reikudo;Software Dev
@austingrandt;Software Dev
@andrewjmyers;Software Dev
@m322;Software Dev
@jtcchan;Software Dev
@leanzubrezki;Software Dev
@douglascrets;Software Dev
@mmusin;Software Dev
@naii;Software Dev
@cpruijsen;Software Dev
@jessykate;Software Dev
@mv;Software Dev
@tautologicaly;Software Dev
@cyrilgupta;Software Dev
@guitsaru;Software Dev
@tyvdh;Software Dev
@revealed_dave;Software Dev
@zk;Software Dev
@deemoun;Software Dev
@lilyxl8;Software Dev
@atyndall;Software Dev
@cbovis;Software Dev
@warrington11;Software Dev
@georgelobo79;Software Dev
@tonycarreon;Software Dev
@asjer;Software Dev
@chris_mcclellan;Software Dev
@stuartfrisby;Software Dev
@harryworld;Software Dev
@develdad;Software Dev
@anthonyongaro;Software Dev
@letitbevi;Software Dev
@gracjan_grala;Software Dev
@oliverbarnes;Software Dev
@enilsen016;Software Dev
@fakemikewalston;Software Dev
@carly_io;Software Dev
@petepollard;Software Dev
@hoperto;Software Dev
@jeremygotteland;Software Dev
@dbibby;Software Dev
@horacio;Software Dev
@james_thomas;Software Dev
@joyfriberg;Software Dev
@kapziel;Software Dev
@lblogueur;Software Dev
@benjaben;Software Dev
@pptsjr;Software Dev
@cargix1;Software Dev
@craigmiller;Software Dev
@ivanderbyl;Software Dev
@buzkall;Software Dev
@k_cieslak;Software Dev
@susanne;Software Dev
@krausefx;Software Dev
@metamas;Software Dev
@html5cat;Software Dev
@traveldeveloper;Software Dev
@andrefoeken;Software Dev
@daviddupouy;Software Dev
@kubajz;Software Dev
@jdstuart;Software Dev
@youryoungko;Software Dev
@etang20;Software Dev
@cmr0n;Software Dev
@chazsroczynski;Software Dev
@andyzelinski;Software Dev
@vivli;Software Dev
@johnsalzarulo;Software Dev
@gnzlt;Software Dev
@mrmoje;Software Dev
@facebook;Software Dev
@tswallen;Software Dev
@luciddan;Software Dev
@nomadcook;Software Dev
@daniellauding;Software Dev
@alexiscreuzot;Software Dev
@josh_works;Software Dev
@danny__garcia;Software Dev
@thiagoricieri;Software Dev
@marcberr;Software Dev
@krishamoud;Software Dev
@androbwebb;Software Dev
@alanhalley;Software Dev
@britseeingstars;Software Dev
@hpoul;Software Dev
@giorgenes;Software Dev
@karthicashokan;Software Dev
@nachopescado;Software Dev
@cylim;Software Dev
@nesha8x8;Software Dev
@chrisjeon;Software Dev
@damianlaw_mossy;Software Dev
@scrb;Software Dev
@iramalama;Software Dev
@dany;Software Dev
@blakebo;Software Dev
@carosimon;Software Dev
@binario;Software Dev
@joeyfenny;Software Dev
@gourlaoueneric;Software Dev
@manavo;Software Dev
@glennangelo;Software Dev
@snehainguva;Software Dev
@bneiluj;Software Dev
@tronaxp;Software Dev
@codingz;Software Dev
@phil474;Software Dev
@andyafk;Software Dev
@nz_djston;Software Dev
@gabrielizaias;Software Dev
@marcoagner;Software Dev
@wooster;Software Dev
@jwlee84;Software Dev
@thomasghenry;Software Dev
@jwadeone;Software Dev
@vimarethomas;Software Dev
@psylvain324;Software Dev
@elliottspira;Software Dev
@mattalxndr;Software Dev
@zed;Software Dev
@mr_chids;Software Dev
@skurilyak;Software Dev
@jrthrawny;Software Dev
@martinrvillalba;Software Dev
@dgdev;Sports
@johnbrett_;Sports
@gawin;Sports
@eduardoborges;Sports
@andrewlt;Sports
@simone_scarduzio;Sports
@cookiewhirls;Sports
@flowdee;Sports
@adamnowek;Sports
@kellymsheridan;Sports
@janvt;Sports
@ndrewcowley;Sports
@ryanbed;Sports
@me1792;Sports
@mvremmerden;Sports
@patrickheneise;Sports
@ambarjanuel;Sports
@antoineplu;Sports
@divyenduz;Sports
@johannetzler;Sports
@leukissanders;Sports
@n370;Sports
@bobz_zg;Sports
@sergiosa_la;Sports
@nathanaelkhodl;Sports
@tomaslau;Sports
@saniyusuf;Sports
@jeremy;Sports
@reikudo;Sports
@chris4gen;Sports
@fabrejulien;Sports
@raziel81;Sports
@joyfriberg;Sports
@lblogueur;Sports
@pptsjr;Sports
@rik_rustenburg;Sports
@cmr0n;Sports
@dmfreedom;Sports
@andyzelinski;Sports
@lancelot;Sports
@daniellauding;Sports
@alexiscreuzot;Sports
@thiagoricieri;Sports
@steph2l;Sports
@janfabisiak;Sports
@daanpruijssers;Sports
@shaneboug;Sports
@joeyfenny;Sports
@bneiluj;Sports
@dahmadizadeh;Sports
@lewellenmichael;Startup Founder
@jtompl;Startup Founder
@ndbroadbent;Startup Founder
@anigupta;Startup Founder
@adventureinmyveins;Startup Founder
@ayoungh;Startup Founder
@travelingpm;Startup Founder
@fillipecordeiro;Startup Founder
@eugn23;Startup Founder
@marcusmeurer;Startup Founder
@rolf10;Startup Founder
@dotnet;Startup Founder
@austinmao;Startup Founder
@keegansard;Startup Founder
@jacobjay;Startup Founder
@nzieber;Startup Founder
@aaleksandar;Startup Founder
@jrdnbshp;Startup Founder
@djoneverett;Startup Founder
@stevelacey;Startup Founder
@timvermeulen639;Startup Founder
@sauravarya;Startup Founder
@leon;Startup Founder
@moraveklukas;Startup Founder
@codam;Startup Founder
@davidfrahm;Startup Founder
@bobbyvenice;Startup Founder
@olivierthms;Startup Founder
@larry_oz;Startup Founder
@krisdeleon;Startup Founder
@robncampbell;Startup Founder
@luwiton;Startup Founder
@bergerish;Startup Founder
@kaaist;Startup Founder
@pieter;Startup Founder
@jamescrowley;Startup Founder
@justinarenstein;Startup Founder
@mattmonihan;Startup Founder
@iamfledge;Startup Founder
@osandiux;Startup Founder
@marsty5;Startup Founder
@bilalbudhani;Startup Founder
@illyism;Startup Founder
@julianx;Startup Founder
@beeman;Startup Founder
@liebergabor;Startup Founder
@dot_com;Startup Founder
@jblemee;Startup Founder
@con10to;Startup Founder
@tripscout;Startup Founder
@timnieradzik;Startup Founder
@ninoskopac;Startup Founder
@alxsworld;Startup Founder
@lonnylot;Startup Founder
@satelliteeyes;Startup Founder
@whosbacon;Startup Founder
@colleran;Startup Founder
@j0hnlucas;Startup Founder
@elevy525;Startup Founder
@nealbozeman;Startup Founder
@chmanie;Startup Founder
@clubturps;Startup Founder
@alexd;Startup Founder
@justinmurphy;Startup Founder
@mahmoud_zalt;Startup Founder
@ashukumar27;Startup Founder
@vandofb;Startup Founder
@johnbrett_;Startup Founder
@gohomebase;Startup Founder
@davidfchang;Startup Founder
@cs02lk1;Startup Founder
@willemroman;Startup Founder
@wilco;Startup Founder
@stevenmdean;Startup Founder
@sten;Startup Founder
@spinx;Startup Founder
@sebastianj;Startup Founder
@royce;Startup Founder
@rpish;Startup Founder
@ptisunov;Startup Founder
@peachananr;Startup Founder
@pawel_nguyen;Startup Founder
@nicolasmlv;Startup Founder
@nateliason;Startup Founder
@namtrok;Startup Founder
@msarlitt;Startup Founder
@mrmading;Startup Founder
@mohittater;Startup Founder
@moltar;Startup Founder
@micha;Startup Founder
@mattdickinson;Startup Founder
@marina_srksn;Startup Founder
@leannebeesley;Startup Founder
@kevinohashi;Startup Founder
@john;Startup Founder
@jimwyuan;Startup Founder
@jberthom;Startup Founder
@jb;Startup Founder
@jarradhope;Startup Founder
@gokonrad;Startup Founder
@francescogior;Startup Founder
@drewmeyers;Startup Founder
@diegoluisr;Startup Founder
@cybergorille;Startup Founder
@becomenomad;Startup Founder
@augustevrymonth;Startup Founder
@matt_anis;Startup Founder
@alexbrasetvik;Startup Founder
@alchorro;Startup Founder
@adrianchinghc;Startup Founder
@calum;Startup Founder
@paulrose;Startup Founder
@kocsmy;Startup Founder
@jonnym1ller;Startup Founder
@thedesignnomad;Startup Founder
@brody;Startup Founder
@theunixbeard;Startup Founder
@darren;Startup Founder
@jessehanley;Startup Founder
@thebluehouse_io;Startup Founder
@joelgascoigne;Startup Founder
@x3nome;Startup Founder
@isaak;Startup Founder
@gijsheerkens;Startup Founder
@karlbecker_com;Startup Founder
@mayel2b;Startup Founder
@pezmc;Startup Founder
@quinnzeda;Startup Founder
@ibobriakov;Startup Founder
@rxs;Startup Founder
@nomadbound;Startup Founder
@adrienjs;Startup Founder
@eduardocruz;Startup Founder
@gawin;Startup Founder
@danielrelich;Startup Founder
@rizale;Startup Founder
@eduardoborges;Startup Founder
@marcoschwartz;Startup Founder
@tylertringas;Startup Founder
@lesly;Startup Founder
@tommoor;Startup Founder
@alexbegey;Startup Founder
@piazza_chris;Startup Founder
@matevaltr;Startup Founder
@chilladx;Startup Founder
@mikerogers0;Startup Founder
@kiasaki;Startup Founder
@scottbrills;Startup Founder
@pixelfiesta;Startup Founder
@billiamfrazier;Startup Founder
@jorisrenaud;Startup Founder
@zackllnyoung;Startup Founder
@vgdub;Startup Founder
@jrcconstela;Startup Founder
@gianlucaorlandi;Startup Founder
@dkhaburdzania;Startup Founder
@andrewlt;Startup Founder
@seifsallam;Startup Founder
@timfernando;Startup Founder
@flexrs;Startup Founder
@adrianartiles;Startup Founder
@spillere;Startup Founder
@dylanofmoore;Startup Founder
@lopesrosanna;Startup Founder
@jpnarowski;Startup Founder
@travlindicator;Startup Founder
@simone_scarduzio;Startup Founder
@hpeikemo;Startup Founder
@haiko;Startup Founder
@tjwaldorf;Startup Founder
@adomasb;Startup Founder
@amit29;Startup Founder
@marko;Startup Founder
@douglascorrea;Startup Founder
@jackolai;Startup Founder
@elliotsachs;Startup Founder
@wernerhoffmann;Startup Founder
@petracca;Startup Founder
@cesartzian;Startup Founder
@jakegibson;Startup Founder
@markentreibstoff;Startup Founder
@andrewlinfoot;Startup Founder
@rebeccacbowden;Startup Founder
@bjornftw;Startup Founder
@mayahub_org;Startup Founder
@guifrombcn;Startup Founder
@alexis_sindicic;Startup Founder
@ckomagan;Startup Founder
@semichinalex;Startup Founder
@ejang;Startup Founder
@arreechung;Startup Founder
@reydisutandang;Startup Founder
@nico_lrx;Startup Founder
@scottwpalmer;Startup Founder
@zagomatteogian;Startup Founder
@startupmanifest;Startup Founder
@nomadcitylpa;Startup Founder
@jogomartin;Startup Founder
@rledreau;Startup Founder
@luluisland;Startup Founder
@panetes;Startup Founder
@jonascoenen;Startup Founder
@stephsanderson;Startup Founder
@pitah604;Startup Founder
@cookiewhirls;Startup Founder
@webdew;Startup Founder
@tim_gardner;Startup Founder
@tom_dallimore;Startup Founder
@mindofsari;Startup Founder
@yliasm;Startup Founder
@ddpelayo;Startup Founder
@blombergvictor;Startup Founder
@eulerianial;Startup Founder
@johnny5feels;Startup Founder
@flowdee;Startup Founder
@nomadc_anna;Startup Founder
@andykassier;Startup Founder
@ladyleet;Startup Founder
@dnlhtz;Startup Founder
@sdrth_;Startup Founder
@stephanie_dxb;Startup Founder
@davidmurray;Startup Founder
@tribespeople;Startup Founder
@heyellecp;Startup Founder
@ctsygiel;Startup Founder
@magnuspaaske;Startup Founder
@halles;Startup Founder
@matejsimek;Startup Founder
@nspehler;Startup Founder
@zpeirce;Startup Founder
@kengeo;Startup Founder
@executivejoy;Startup Founder
@chris_fong;Startup Founder
@jantlustak;Startup Founder
@carlien;Startup Founder
@thomaspichon;Startup Founder
@adusordet;Startup Founder
@viniciusteles;Startup Founder
@andrewoons;Startup Founder
@erikbenjamin;Startup Founder
@magicvilleco;Startup Founder
@antoinersx;Startup Founder
@tjwilliams;Startup Founder
@jeremyluebke;Startup Founder
@lonroth;Startup Founder
@jennie_armsy;Startup Founder
@slkra;Startup Founder
@kblanqua;Startup Founder
@jeanetwolf;Startup Founder
@marcussandstrom;Startup Founder
@tgrassin;Startup Founder
@emeliefagel;Startup Founder
@markpcolgan;Startup Founder
@katelevy;Startup Founder
@langtonsp;Startup Founder
@accentadventure;Startup Founder
@acsaari;Startup Founder
@jamesdaly90;Startup Founder
@mrfairweather;Startup Founder
@speedynomads;Startup Founder
@myangster;Startup Founder
@angeliquetoque;Startup Founder
@mathieu_mcfly;Startup Founder
@ryanchatterton;Startup Founder
@petr_suska;Startup Founder
@aaz;Startup Founder
@luannalita;Startup Founder
@steve_verm;Startup Founder
@thefriendlydev;Startup Founder
@chong;Startup Founder
@radesmond;Startup Founder
@joshua;Startup Founder
@gphillips_nz;Startup Founder
@samueldelesque;Startup Founder
@shalu610;Startup Founder
@jshlii;Startup Founder
@smothers;Startup Founder
@gowiem;Startup Founder
@mikerubini;Startup Founder
@joelrunyon;Startup Founder
@gilesbutler;Startup Founder
@lexrodba;Startup Founder
@amritsharma;Startup Founder
@janvt;Startup Founder
@asadphotography;Startup Founder
@mariec1234;Startup Founder
@coliving;Startup Founder
@igroca;Startup Founder
@yaredakalou;Startup Founder
@aymorgan;Startup Founder
@matterandrew;Startup Founder
@jonathanronzio;Startup Founder
@kko;Startup Founder
@sumone5;Startup Founder
@jmaskell;Startup Founder
@darceybeau;Startup Founder
@nathanjmurphy;Startup Founder
@wedistill;Startup Founder
@juanpablob;Startup Founder
@martn_st;Startup Founder
@keeg;Startup Founder
@scottmize;Startup Founder
@camerondare;Startup Founder
@cameronbrown;Startup Founder
@rallen_austin;Startup Founder
@paulantwilliams;Startup Founder
@jeannabarrett;Startup Founder
@themuli;Startup Founder
@olibarsha;Startup Founder
@magoz;Startup Founder
@funmioyatogun;Startup Founder
@exmonkey;Startup Founder
@1ikigai;Startup Founder
@thinkthinkthink;Startup Founder
@kevingraham;Startup Founder
@jwblackwell;Startup Founder
@irosenb;Startup Founder
@duncan_m;Startup Founder
@jackveiga;Startup Founder
@startupadvisor;Startup Founder
@lorean;Startup Founder
@ymeiosis;Startup Founder
@ndrewcowley;Startup Founder
@ryanbed;Startup Founder
@jfkerr;Startup Founder
@k_croes;Startup Founder
@vipulnsward;Startup Founder
@amscott56;Startup Founder
@startupwithmike;Startup Founder
@brianclark55;Startup Founder
@me1792;Startup Founder
@grahamdbrown;Startup Founder
@anthonycastrio;Startup Founder
@nerdontour;Startup Founder
@louis;Startup Founder
@peterlevitan;Startup Founder
@nickmarkham;Startup Founder
@anissm;Startup Founder
@nicolastupecabet;Startup Founder
@sxswabraham;Startup Founder
@momciloo;Startup Founder
@thomas;Startup Founder
@travpreneur;Startup Founder
@fffabs;Startup Founder
@clouvi;Startup Founder
@deniskabakov;Startup Founder
@jzs;Startup Founder
@maratryndin;Startup Founder
@hugh;Startup Founder
@dohertyjf;Startup Founder
@jamesmkenny;Startup Founder
@thisiscarlosgomes;Startup Founder
@matt781;Startup Founder
@thezennomad;Startup Founder
@pandasantosh;Startup Founder
@me1559;Startup Founder
@zrueda;Startup Founder
@mcmieras;Startup Founder
@jpbobbaers;Startup Founder
@ambarjanuel;Startup Founder
@jacob;Startup Founder
@mathieudutour;Startup Founder
@camwoodsum;Startup Founder
@rusdaddy;Startup Founder
@anatoliykmetyuk;Startup Founder
@reneevdb;Startup Founder
@deconstructsuck;Startup Founder
@friedelio;Startup Founder
@marcantoinefon;Startup Founder
@alex765;Startup Founder
@dhruveonmars;Startup Founder
@farkasdan;Startup Founder
@ankurshardais;Startup Founder
@me1526;Startup Founder
@pierregillesleymarie;Startup Founder
@vincent;Startup Founder
@schifter_;Startup Founder
@maroberts913;Startup Founder
@iri_r;Startup Founder
@mattlellsworth;Startup Founder
@tomaswoksepp;Startup Founder
@ivankovacevic12;Startup Founder
@stephenfjohnson;Startup Founder
@vestenicky;Startup Founder
@akhella;Startup Founder
@marcelhagedoorn;Startup Founder
@martynd;Startup Founder
@mikezliu;Startup Founder
@adrienbetweets;Startup Founder
@ammmir;Startup Founder
@tiagoforte;Startup Founder
@pminardo;Startup Founder
@tuxcanfly;Startup Founder
@ahawkins;Startup Founder
@spinstreethouse;Startup Founder
@domas;Startup Founder
@1000lifelessons;Startup Founder
@masudrhossain;Startup Founder
@swarner;Startup Founder
@irshaid;Startup Founder
@ronald;Startup Founder
@mfrezz;Startup Founder
@craig;Startup Founder
@togume;Startup Founder
@meijibowbow;Startup Founder
@fadeke;Startup Founder
@marc;Startup Founder
@mpme;Startup Founder
@wwoessi;Startup Founder
@fpietot;Startup Founder
@njo;Startup Founder
@stacey;Startup Founder
@petermarpaung;Startup Founder
@laurentlebihan;Startup Founder
@matiasow;Startup Founder
@azamatsmith;Startup Founder
@dominikvacikar;Startup Founder
@franvera;Startup Founder
@desmondo;Startup Founder
@scdude;Startup Founder
@almccann;Startup Founder
@gregoirejohnb;Startup Founder
@oo_shero;Startup Founder
@danielmeade;Startup Founder
@gabriel__lewis;Startup Founder
@thetiwi;Startup Founder
@jpleboeuf;Startup Founder
@skatkov;Startup Founder
@ivankreimer;Startup Founder
@dimqen;Startup Founder
@bruels;Startup Founder
@musolek;Startup Founder
@nathanaelkhodl;Startup Founder
@andreaspizsa;Startup Founder
@thetwopct;Startup Founder
@iamlasse;Startup Founder
@ptacekmi;Startup Founder
@emilwallner;Startup Founder
@richardsondx;Startup Founder
@mayeu;Startup Founder
@levelsio;Startup Founder
@khanov;Startup Founder
@camrabier;Startup Founder
@fredperrotta;Startup Founder
@fredrivett;Startup Founder
@mikenorth;Startup Founder
@rebecca;Startup Founder
@fabsays;Startup Founder
@mrjeremyblaze;Startup Founder
@ky;Startup Founder
@abr_gnz;Startup Founder
@madebysan;Startup Founder
@mrkoio;Startup Founder
@tomaslau;Startup Founder
@han108;Startup Founder
@saniyusuf;Startup Founder
@gcg;Startup Founder
@shoinwolfe;Startup Founder
@jeremy;Startup Founder
@allbombs;Startup Founder
@syneryder;Startup Founder
@nderkach;Startup Founder
@gtmcknight;Startup Founder
@karim;Startup Founder
@jaschaio;Startup Founder
@rafmanship;Startup Founder
@sarbogast;Startup Founder
@wesleyhivesource;Startup Founder
@paulgosnell;Startup Founder
@liv;Startup Founder
@nicolekelner;Startup Founder
@karimii;Startup Founder
@nikv;Startup Founder
@justan0therdave;Startup Founder
@egonz;Startup Founder
@tiagovdt;Startup Founder
@hsmoi;Startup Founder
@jyarnallschane;Startup Founder
@thecocoanomad;Startup Founder
@briac;Startup Founder
@dannyholtschke;Startup Founder
@carlescampos;Startup Founder
@heidar;Startup Founder
@philipithomas;Startup Founder
@marcochavezf;Startup Founder
@kristo;Startup Founder
@buizachristina;Startup Founder
@bruno706;Startup Founder
@jf;Startup Founder
@eimantas;Startup Founder
@jeromeargot;Startup Founder
@sunilsinghme;Startup Founder
@davidjuilfs;Startup Founder
@thatuxdude;Startup Founder
@derico;Startup Founder
@shewandas;Startup Founder
@tomdeleu;Startup Founder
@andrewjmyers;Startup Founder
@vaclavstoupa;Startup Founder
@m322;Startup Founder
@danfordgsy;Startup Founder
@redromina;Startup Founder
@aewickham;Startup Founder
@brandoncnolte;Startup Founder
@nicolasbaissas;Startup Founder
@wordweaverfree;Startup Founder
@chocking;Startup Founder
@tschoffelen;Startup Founder
@andreaszoltan;Startup Founder
@douglascrets;Startup Founder
@theappguy;Startup Founder
@sam_lee1985;Startup Founder
@vladstan;Startup Founder
@gijsdebeer;Startup Founder
@fdenkens;Startup Founder
@afkehaya;Startup Founder
@_therahulsingh;Startup Founder
@0xeff;Startup Founder
@lj60cpt;Startup Founder
@naii;Startup Founder
@talbrai;Startup Founder
@cpruijsen;Startup Founder
@mv;Startup Founder
@highhermitage;Startup Founder
@chris_moen1;Startup Founder
@samanthakmeis;Startup Founder
@tadeusz;Startup Founder
@cyrilgupta;Startup Founder
@psedillo;Startup Founder
@glenngillen;Startup Founder
@agarwal_ankur;Startup Founder
@maebert;Startup Founder
@ricardomorgado;Startup Founder
@kp;Startup Founder
@rohit857;Startup Founder
@antoinechr;Startup Founder
@inessadoud;Startup Founder
@misterniark;Startup Founder
@viperchill;Startup Founder
@grohiit;Startup Founder
@sean600;Startup Founder
@marceglon;Startup Founder
@daiyaan;Startup Founder
@seanhess;Startup Founder
@mrty;Startup Founder
@nwkwan;Startup Founder
@zachware;Startup Founder
@hatchitdc;Startup Founder
@philiphomnack;Startup Founder
@thomas250;Startup Founder
@gorenflo;Startup Founder
@codeincarnate;Startup Founder
@svanevik;Startup Founder
@yahli;Startup Founder
@g4k;Startup Founder
@bengoa;Startup Founder
@vrtual;Startup Founder
@diofeher;Startup Founder
@therese624;Startup Founder
@casper;Startup Founder
@enilsen016;Startup Founder
@btong;Startup Founder
@juice;Startup Founder
@jonbstrong;Startup Founder
@jaicab;Startup Founder
@tillcarlos;Startup Founder
@realandrewwolfe;Startup Founder
@tomas;Startup Founder
@caroullou;Startup Founder
@clareharrison30;Startup Founder
@hoperto;Startup Founder
@fleeting_life;Startup Founder
@mustafa_khalifa;Startup Founder
@fabrejulien;Startup Founder
@aaronbailey;Startup Founder
@raziel81;Startup Founder
@james_thomas;Startup Founder
@joyfriberg;Startup Founder
@tomxavierofficiel;Startup Founder
@katrin;Startup Founder
@mrchrisrod;Startup Founder
@ivanderbyl;Startup Founder
@chrisdunntv;Startup Founder
@aktif;Startup Founder
@krausefx;Startup Founder
@johnnyfdk;Startup Founder
@ms_maire;Startup Founder
@nabilaamarsy;Startup Founder
@html5cat;Startup Founder
@traveldeveloper;Startup Founder
@daviddupouy;Startup Founder
@susannahvila;Startup Founder
@williampotash;Startup Founder
@saimana;Startup Founder
@globe_trottah;Startup Founder
@paulmanea;Startup Founder
@guisbc;Startup Founder
@mreynolds33;Startup Founder
@tombalev;Startup Founder
@becfaye;Startup Founder
@isaacprussey;Startup Founder
@clebercosta;Startup Founder
@maxim_arnold;Startup Founder
@eddross;Startup Founder
@andyzelinski;Startup Founder
@vivli;Startup Founder
@rodolphe;Startup Founder
@theswiss;Startup Founder
@martinbcg;Startup Founder
@kevintheair;Startup Founder
@shadi;Startup Founder
@julienarcin;Startup Founder
@mikeislearning;Startup Founder
@journeytech_ca;Startup Founder
@polinakocheva;Startup Founder
@lancelot;Startup Founder
@camemco;Startup Founder
@rodcul;Startup Founder
@meettherebels;Startup Founder
@katelynmsmith;Startup Founder
@tswallen;Startup Founder
@ankeshkothari;Startup Founder
@serban;Startup Founder
@kevinejohn;Startup Founder
@bryanbeshore;Startup Founder
@daniellauding;Startup Founder
@mattia;Startup Founder
@egarbugli;Startup Founder
@tomhunt88;Startup Founder
@orenkurve;Startup Founder
@miklern;Startup Founder
@rrppspain;Startup Founder
@malachivarga;Startup Founder
@marcberr;Startup Founder
@jamiesyke;Startup Founder
@sinnot;Startup Founder
@jackh;Startup Founder
@mrdanielschwarz;Startup Founder
@danielbeck82;Startup Founder
@spiceninja;Startup Founder
@nachopescado;Startup Founder
@axelut;Startup Founder
@paulgr3;Startup Founder
@janfabisiak;Startup Founder
@bastienfp;Startup Founder
@sunnykgupta;Startup Founder
@phil;Startup Founder
@ericvandenbroek;Startup Founder
@examachine;Startup Founder
@jeanmoncrieff;Startup Founder
@jonathancoxon;Startup Founder
@ryangum;Startup Founder
@daanpruijssers;Startup Founder
@vanvleit;Startup Founder
@jjperezaguinaga;Startup Founder
@jacobeus;Startup Founder
@nateyu;Startup Founder
@flygeneticist;Startup Founder
@andrewculver;Startup Founder
@shotsuda;Startup Founder
@tschentscher;Startup Founder
@jongjin;Startup Founder
@picsoung;Startup Founder
@naumank;Startup Founder
@alexmiddel;Startup Founder
@arman;Startup Founder
@gregmanko;Startup Founder
@slavochek;Startup Founder
@ivandequito;Startup Founder
@stevechadaway;Startup Founder
@joeyfenny;Startup Founder
@benjihyam;Startup Founder
@yapjiaqing;Startup Founder
@aventure;Startup Founder
@demin;Startup Founder
@timbuktu;Startup Founder
@zachetcetc;Startup Founder
@bneiluj;Startup Founder
@angie;Startup Founder
@codingz;Startup Founder
@w_b_a__r;Startup Founder
@phil474;Startup Founder
@fotosdelviaje;Startup Founder
@n_richer;Startup Founder
@kershaw87;Startup Founder
@azizaosman;Startup Founder
@watson;Startup Founder
@marcoagner;Startup Founder
@wooster;Startup Founder
@mattmili;Startup Founder
@harishchouhan;Startup Founder
@rus;Startup Founder
@jwlee84;Startup Founder
@homakov;Startup Founder
@sandochee;Startup Founder
@islandjackie;Startup Founder
@uncompromise;Startup Founder
@motorcycledave;Startup Founder
@jani;Startup Founder
@grahamleachpm;Startup Founder
@jasmeet;Startup Founder
@josh;Startup Founder
@manuk;Startup Founder
@jwadeone;Startup Founder
@m_levs;Startup Founder
@robnealan;Startup Founder
@tuhingates;Startup Founder
@nitaigao;Startup Founder
@paulr;Startup Founder
@hannasoderq;Startup Founder
@fayeishere;Startup Founder
@nbolt;Startup Founder
@ianhunter;Startup Founder
@cw;Startup Founder
@kaizenpreneur;Startup Founder
@abbd7;Startup Founder
@mr_chids;Startup Founder
@skurilyak;Startup Founder
@kittytana;Startup Founder
@dahmadizadeh;Startup Founder
@jmspwtrs;Startup Founder
@jevanspollard;Support
@dmftaras;Support
@paulrose;Support
@gijsheerkens;Support
@gawin;Support
@mariasokolova;Support
@nomadpauline;Support
@bjornftw;Support
@startupmanifest;Support
@activadesign;Support
@yrezgui;Support
@erikbenjamin;Support
@alicemeow;Support
@moksapath;Support
@ryanbed;Support
@shastified;Support
@petrbambasek;Support
@divyenduz;Support
@n370;Support
@pauline;Support
@jonathanchester;Support
@grum;Support
@evolvinghumand;Support
@olgama;Support
@mobilisinmobili;Support
@ricardomorgado;Support
@carololiveira;Support
@kushalraha;Support
@ajmcgrath;Support
@nomadicdad;Support
@silvestreramosmita;Support
@anhphan;Support
@shalin1589;Support
@markschmidty;Support
@tswallen;Support
@trustmedesigner;Support
@far_and_wide_with_joe;Support
@bdeck;Support
@capoma1;Support
@thomasghenry;Support
@psylvain324;Support
@neoncouch;Support
@dianabaz;UI/UX Design
@jacobjay;UI/UX Design
@stevelacey;UI/UX Design
@zazk;UI/UX Design
@jayphen;UI/UX Design
@moraveklukas;UI/UX Design
@mrraylo;UI/UX Design
@bilalbudhani;UI/UX Design
@illyism;UI/UX Design
@julianx;UI/UX Design
@liebergabor;UI/UX Design
@damiendutoit;UI/UX Design
@satelliteeyes;UI/UX Design
@dylanblanchard;UI/UX Design
@modkaffes;UI/UX Design
@sa_cha;UI/UX Design
@arcaballero;UI/UX Design
@micha;UI/UX Design
@kadrian;UI/UX Design
@john;UI/UX Design
@jb;UI/UX Design
@hellotiago;UI/UX Design
@askeertmann;UI/UX Design
@allancaeg;UI/UX Design
@adrianavecc;UI/UX Design
@paulrose;UI/UX Design
@kaushal;UI/UX Design
@kocsmy;UI/UX Design
@thedesignnomad;UI/UX Design
@darren;UI/UX Design
@damirkotoric;UI/UX Design
@x3nome;UI/UX Design
@gawin;UI/UX Design
@rizale;UI/UX Design
@silveruby;UI/UX Design
@anywhereness;UI/UX Design
@trevorgerhardt;UI/UX Design
@pixelfiesta;UI/UX Design
@tiojoca;UI/UX Design
@rabourn;UI/UX Design
@nic221;UI/UX Design
@seifsallam;UI/UX Design
@flexrs;UI/UX Design
@willows_gate;UI/UX Design
@steph_danforth;UI/UX Design
@petrnovak;UI/UX Design
@bjornftw;UI/UX Design
@edgarascom;UI/UX Design
@far0s;UI/UX Design
@danielletdesign;UI/UX Design
@hazelyuyang;UI/UX Design
@themadarch;UI/UX Design
@yliasm;UI/UX Design
@blombergvictor;UI/UX Design
@sodevious;UI/UX Design
@maila;UI/UX Design
@norbertdragan;UI/UX Design
@jamesdaly90;UI/UX Design
@piovella;UI/UX Design
@jamessmith;UI/UX Design
@austinknight;UI/UX Design
@kode4fun;UI/UX Design
@darceybeau;UI/UX Design
@susannedevlin;UI/UX Design
@juanpablob;UI/UX Design
@nikoloza;UI/UX Design
@magoz;UI/UX Design
@brianwreaves;UI/UX Design
@joshromanrogers;UI/UX Design
@heyhannahbailey;UI/UX Design
@thinkthinkthink;UI/UX Design
@jwblackwell;UI/UX Design
@zachtrice;UI/UX Design
@duncan_m;UI/UX Design
@leegordo;UI/UX Design
@jackveiga;UI/UX Design
@ymeiosis;UI/UX Design
@ndrewcowley;UI/UX Design
@ryanbed;UI/UX Design
@jeremykovac;UI/UX Design
@startupwithmike;UI/UX Design
@loganhoup;UI/UX Design
@me1792;UI/UX Design
@louis;UI/UX Design
@faizalabbas;UI/UX Design
@nickmarkham;UI/UX Design
@zakerving;UI/UX Design
@nicolastupecabet;UI/UX Design
@eli_archgirl;UI/UX Design
@mvremmerden;UI/UX Design
@jacklorusso;UI/UX Design
@jamesmkenny;UI/UX Design
@lewis161;UI/UX Design
@a7dc;UI/UX Design
@mcmieras;UI/UX Design
@hi960;UI/UX Design
@sammyschuckert;UI/UX Design
@petrbambasek;UI/UX Design
@lucaslsf;UI/UX Design
@ambarjanuel;UI/UX Design
@pimdaelen;UI/UX Design
@marcantoinefon;UI/UX Design
@alex765;UI/UX Design
@andreajmitchell;UI/UX Design
@ankurshardais;UI/UX Design
@gosslingkevin;UI/UX Design
@vincent;UI/UX Design
@antoineplu;UI/UX Design
@divyenduz;UI/UX Design
@iri_r;UI/UX Design
@raigol;UI/UX Design
@tomaswoksepp;UI/UX Design
@vestenicky;UI/UX Design
@jmegiralt;UI/UX Design
@mikezliu;UI/UX Design
@siddharthkshetrapal;UI/UX Design
@pminardo;UI/UX Design
@johannetzler;UI/UX Design
@aleks_muse;UI/UX Design
@n370;UI/UX Design
@ssstofff;UI/UX Design
@marc;UI/UX Design
@ireade;UI/UX Design
@pugson;UI/UX Design
@vfonic;UI/UX Design
@raoul;UI/UX Design
@sergiosa_la;UI/UX Design
@danielmeade;UI/UX Design
@flowen;UI/UX Design
@nathanaelkhodl;UI/UX Design
@richardsondx;UI/UX Design
@florianbuerger;UI/UX Design
@einancunlu;UI/UX Design
@ashleyporciuncula;UI/UX Design
@hfauq;UI/UX Design
@mrjeremyblaze;UI/UX Design
@pixel;UI/UX Design
@localjo;UI/UX Design
@madebysan;UI/UX Design
@mrkoio;UI/UX Design
@patrick;UI/UX Design
@gtmcknight;UI/UX Design
@presentday;UI/UX Design
@radmirm_;UI/UX Design
@rafmanship;UI/UX Design
@dennissiller;UI/UX Design
@theotherone;UI/UX Design
@jordantheleast;UI/UX Design
@eimantas;UI/UX Design
@amwilkinson86;UI/UX Design
@m322;UI/UX Design
@benrellick;UI/UX Design
@spacewood;UI/UX Design
@timruof;UI/UX Design
@revealed_dave;UI/UX Design
@judo;UI/UX Design
@jd;UI/UX Design
@martijn;UI/UX Design
@thomas250;UI/UX Design
@andygreenwood;UI/UX Design
@jessicaongko;UI/UX Design
@whosdustin;UI/UX Design
@gracjan_grala;UI/UX Design
@jadeefruit;UI/UX Design
@jaicab;UI/UX Design
@monsieurmoia;UI/UX Design
@raziel81;UI/UX Design
@ivanderbyl;UI/UX Design
@susanne;UI/UX Design
@sbarrosf;UI/UX Design
@metamas;UI/UX Design
@traveldeveloper;UI/UX Design
@dawsonwhitfield;UI/UX Design
@andrefoeken;UI/UX Design
@mightyalex;UI/UX Design
@juliet;UI/UX Design
@youryoungko;UI/UX Design
@dmfreedom;UI/UX Design
@vivli;UI/UX Design
@tswallen;UI/UX Design
@nomadcook;UI/UX Design
@daniellauding;UI/UX Design
@alexiscreuzot;UI/UX Design
@orenkurve;UI/UX Design
@katingalls;UI/UX Design
@jamiesyke;UI/UX Design
@sadokx;UI/UX Design
@hpoul;UI/UX Design
@karthicashokan;UI/UX Design
@klemenselakovic;UI/UX Design
@melissahui;UI/UX Design
@daanpruijssers;UI/UX Design
@cedric;UI/UX Design
@witzelfitz;UI/UX Design
@joeyfenny;UI/UX Design
@glennangelo;UI/UX Design
@bneiluj;UI/UX Design
@volodymyr_sadykov;UI/UX Design
@jasmeet;UI/UX Design
@gracjanzlotucha;UI/UX Design
@hannasoderq;UI/UX Design
@threchette;UI/UX Design
@neoncouch;UI/UX Design
@michaltakac;VR Dev
@adrianavecc;VR Dev
@anywhereness;VR Dev
@creativewang;VR Dev
@c4augustus;VR Dev
@daliso;VR Dev
@reneevdb;VR Dev
@akhella;VR Dev
@oo_shero;VR Dev
@haydenjameslee;VR Dev
@raziel81;VR Dev
@benjaben;VR Dev
@msfx;VR Dev
@bneiluj;VR Dev
@apwn;Web Dev
@jtompl;Web Dev
@jaszczakw;Web Dev
@anigupta;Web Dev
@adventureinmyveins;Web Dev
@fillipecordeiro;Web Dev
@voising;Web Dev
@dotnet;Web Dev
@jacobjay;Web Dev
@aaleksandar;Web Dev
@stevelacey;Web Dev
@woahitsraj;Web Dev
@jayphen;Web Dev
@moraveklukas;Web Dev
@jnpkr;Web Dev
@kevinflo;Web Dev
@jamescrowley;Web Dev
@bilalbudhani;Web Dev
@illyism;Web Dev
@julianx;Web Dev
@beeman;Web Dev
@justeos;Web Dev
@damiendutoit;Web Dev
@ninoskopac;Web Dev
@lonnylot;Web Dev
@satelliteeyes;Web Dev
@quintinjadam;Web Dev
@cbrwizard;Web Dev
@mahmoud_zalt;Web Dev
@arcaballero;Web Dev
@johnbrett_;Web Dev
@czyzykowski;Web Dev
@wojtek;Web Dev
@sebastianj;Web Dev
@ptisunov;Web Dev
@petersuhm;Web Dev
@philiprenich;Web Dev
@micha;Web Dev
@jb;Web Dev
@hellotiago;Web Dev
@francescogior;Web Dev
@eddgysousa;Web Dev
@dmftaras;Web Dev
@dgwolff;Web Dev
@danny;Web Dev
@chrisrdodd;Web Dev
@askeertmann;Web Dev
@andreaskeller;Web Dev
@alexandros;Web Dev
@adrianchinghc;Web Dev
@mogosselin;Web Dev
@parasight;Web Dev
@paulrose;Web Dev
@primoz;Web Dev
@theunixbeard;Web Dev
@magalhini;Web Dev
@x3nome;Web Dev
@mathijs;Web Dev
@pezmc;Web Dev
@hmigneron;Web Dev
@gawin;Web Dev
@wfxyz;Web Dev
@alphonse86;Web Dev
@mrgusev;Web Dev
@mikerogers0;Web Dev
@kiasaki;Web Dev
@trevorgerhardt;Web Dev
@scottbrills;Web Dev
@godfoca;Web Dev
@tiojoca;Web Dev
@kylefromohiocom;Web Dev
@seifsallam;Web Dev
@rokeeffe;Web Dev
@flexrs;Web Dev
@timhc22;Web Dev
@willows_gate;Web Dev
@spillere;Web Dev
@legomyeggo;Web Dev
@wanderingdev;Web Dev
@dirtandrust;Web Dev
@nickbrooks;Web Dev
@nickpellant;Web Dev
@bjornftw;Web Dev
@pros22su;Web Dev
@zhurbinchik;Web Dev
@mikejcarton;Web Dev
@nico_lrx;Web Dev
@far0s;Web Dev
@ronsuez;Web Dev
@aileencgn;Web Dev
@tonyschmidt;Web Dev
@kinolina;Web Dev
@sup;Web Dev
@michellemaltbia;Web Dev
@blombergvictor;Web Dev
@connor_baer;Web Dev
@flowdee;Web Dev
@klein_stephane;Web Dev
@matejsimek;Web Dev
@sodevious;Web Dev
@weals;Web Dev
@jamesd;Web Dev
@craigcarlyle;Web Dev
@mqt;Web Dev
@letalumil;Web Dev
@janthony;Web Dev
@jrp90;Web Dev
@chicoxyzzy;Web Dev
@sharvit;Web Dev
@carolinesyrup;Web Dev
@unicycle;Web Dev
@eric_nation;Web Dev
@colinw;Web Dev
@nat;Web Dev
@tamtamchik;Web Dev
@michaelmesserli;Web Dev
@mary_oleksiuk;Web Dev
@tmaximini;Web Dev
@aaz;Web Dev
@thefriendlydev;Web Dev
@paulohp;Web Dev
@gphillips_nz;Web Dev
@amyyli;Web Dev
@edu;Web Dev
@lexrodba;Web Dev
@kode4fun;Web Dev
@ivascucristian;Web Dev
@fastmode;Web Dev
@sebastienbarbier;Web Dev
@kmurph;Web Dev
@derekozzy;Web Dev
@halfcube;Web Dev
@susannedevlin;Web Dev
@juanpablob;Web Dev
@wimgz;Web Dev
@shiori_nakajima;Web Dev
@hiwillfang;Web Dev
@magoz;Web Dev
@joshromanrogers;Web Dev
@thinkthinkthink;Web Dev
@kevingraham;Web Dev
@jwblackwell;Web Dev
@zachtrice;Web Dev
@duncan_m;Web Dev
@schlessera;Web Dev
@jackveiga;Web Dev
@lorean;Web Dev
@ymeiosis;Web Dev
@ndrewcowley;Web Dev
@victoria;Web Dev
@ryanbed;Web Dev
@kyshoc;Web Dev
@ruebenramirez;Web Dev
@lokiilow;Web Dev
@michaeljunio;Web Dev
@vipulnsward;Web Dev
@amscott56;Web Dev
@loganhoup;Web Dev
@brianclark55;Web Dev
@niklaslavrell;Web Dev
@bugfixer1;Web Dev
@anthonycastrio;Web Dev
@nerdontour;Web Dev
@langrisha;Web Dev
@alewis2005;Web Dev
@louis;Web Dev
@faizalabbas;Web Dev
@greeenbox;Web Dev
@zakerving;Web Dev
@nicolastupecabet;Web Dev
@momciloo;Web Dev
@thomas;Web Dev
@jzs;Web Dev
@dohertyjf;Web Dev
@eli_archgirl;Web Dev
@haoxilu;Web Dev
@jacklorusso;Web Dev
@jamesmkenny;Web Dev
@patrickheneise;Web Dev
@cessperience;Web Dev
@lewis161;Web Dev
@donbobvanbirt;Web Dev
@mathieudutour;Web Dev
@derencius;Web Dev
@anatoliykmetyuk;Web Dev
@jpmitchell293;Web Dev
@sirkate;Web Dev
@friedelio;Web Dev
@marcantoinefon;Web Dev
@andrecastelo;Web Dev
@nekofar;Web Dev
@alex765;Web Dev
@chuckwoodraska;Web Dev
@dhruveonmars;Web Dev
@ankurshardais;Web Dev
@luizaugusto;Web Dev
@pierregillesleymarie;Web Dev
@vincent;Web Dev
@gridinoc;Web Dev
@maroberts913;Web Dev
@okokstefan_;Web Dev
@divyenduz;Web Dev
@iri_r;Web Dev
@tomaswoksepp;Web Dev
@mosspaul;Web Dev
@stephenfjohnson;Web Dev
@vestenicky;Web Dev
@martynd;Web Dev
@jmegiralt;Web Dev
@mikezliu;Web Dev
@benkettlewell;Web Dev
@siddharthkshetrapal;Web Dev
@mgstapleton;Web Dev
@adrienbetweets;Web Dev
@ammmir;Web Dev
@ryanclogg;Web Dev
@pimvdnoll;Web Dev
@stephenbelanger;Web Dev
@leukissanders;Web Dev
@mattlewis92;Web Dev
@mahmoudswehli;Web Dev
@francescocarlucci;Web Dev
@ahawkins;Web Dev
@n370;Web Dev
@pauline;Web Dev
@ronald;Web Dev
@marc;Web Dev
@ireade;Web Dev
@pugson;Web Dev
@bobz_zg;Web Dev
@vfonic;Web Dev
@jessed;Web Dev
@neosilky;Web Dev
@desmondo;Web Dev
@holamendi;Web Dev
@mrtnzlml;Web Dev
@flowen;Web Dev
@refuseillusion;Web Dev
@nathanaelkhodl;Web Dev
@andreaspizsa;Web Dev
@thetwopct;Web Dev
@richardsondx;Web Dev
@mayeu;Web Dev
@kristian;Web Dev
@fredrivett;Web Dev
@mrjeremyblaze;Web Dev
@pixel;Web Dev
@ky;Web Dev
@localjo;Web Dev
@saniyusuf;Web Dev
@theprivileges;Web Dev
@gtmcknight;Web Dev
@pierrickgt;Web Dev
@bernardette;Web Dev
@paulgosnell;Web Dev
@nikv;Web Dev
@theotherone;Web Dev
@lisarobynkeown;Web Dev
@dream;Web Dev
@bruno706;Web Dev
@eimantas;Web Dev
@jeromeargot;Web Dev
@davidjuilfs;Web Dev
@ezakto;Web Dev
@benjturner;Web Dev
@reikudo;Web Dev
@alexey0gladyshev;Web Dev
@austingrandt;Web Dev
@m322;Web Dev
@benrellick;Web Dev
@danfordgsy;Web Dev
@lukasfingerle;Web Dev
@firsara;Web Dev
@vedran;Web Dev
@tijmensmit;Web Dev
@mv;Web Dev
@verekia;Web Dev
@magician11;Web Dev
@cyrilgupta;Web Dev
@guitsaru;Web Dev
@revealed_dave;Web Dev
@adrianlazarte;Web Dev
@hashinp;Web Dev
@colus001;Web Dev
@sabrinahanapiah;Web Dev
@myqntm;Web Dev
@oz;Web Dev
@tonycarreon;Web Dev
@karel;Web Dev
@develdad;Web Dev
@nomadicdad;Web Dev
@whosdustin;Web Dev
@spieglio;Web Dev
@gracjan_grala;Web Dev
@enilsen016;Web Dev
@jaicab;Web Dev
@fakemikewalston;Web Dev
@carlaiau;Web Dev
@carly_io;Web Dev
@bramwillemse;Web Dev
@gtroppee;Web Dev
@shalin1589;Web Dev
@james_thomas;Web Dev
@joyfriberg;Web Dev
@smkka;Web Dev
@pptsjr;Web Dev
@ivanderbyl;Web Dev
@buzkall;Web Dev
@metamas;Web Dev
@traveldeveloper;Web Dev
@andrefoeken;Web Dev
@mxgrn;Web Dev
@daviddupouy;Web Dev
@kubajz;Web Dev
@mightyalex;Web Dev
@rafa;Web Dev
@youryoungko;Web Dev
@isaacprussey;Web Dev
@cmr0n;Web Dev
@chazsroczynski;Web Dev
@maxim_arnold;Web Dev
@vivli;Web Dev
@facebook;Web Dev
@tswallen;Web Dev
@luciddan;Web Dev
@daniellauding;Web Dev
@makersacademy;Web Dev
@thiagoricieri;Web Dev
@marcberr;Web Dev
@krishamoud;Web Dev
@mfoozee;Web Dev
@androbwebb;Web Dev
@christensentr;Web Dev
@hpoul;Web Dev
@steph2l;Web Dev
@karthicashokan;Web Dev
@nachopescado;Web Dev
@cylim;Web Dev
@sami_trki;Web Dev
@bastienfp;Web Dev
@scrb;Web Dev
@daanpruijssers;Web Dev
@cansinyildiz;Web Dev
@flygeneticist;Web Dev
@carosimon;Web Dev
@mayukojpn;Web Dev
@tschentscher;Web Dev
@cedric;Web Dev
@taylorletterman;Web Dev
@jongjin;Web Dev
@naumank;Web Dev
@witzelfitz;Web Dev
@stevechadaway;Web Dev
@joeyfenny;Web Dev
@manavo;Web Dev
@julesmarie;Web Dev
@demin;Web Dev
@carloslerma;Web Dev
@jimit_shah;Web Dev
@bneiluj;Web Dev
@tronaxp;Web Dev
@codingz;Web Dev
@quasi;Web Dev
@andyafk;Web Dev
@nz_djston;Web Dev
@wooster;Web Dev
@thomasghenry;Web Dev
@bratta;Web Dev
@psylvain324;Web Dev
@zed;Web Dev
@jakeberger;Web Dev
@nbolt;Web Dev
@josezambrana;Web Dev
@jrthrawny;Web Dev
@beomjae;Web Dev
